step_count,Max Step Count (Test),eval reward,lr,reward,Return (Test)
999,999.0,-0.014316343702375889,0.0003,0.02449587546288967,-14.316343307495117
998,999.0,-0.009718677960336208,0.00029999925978027874,0.02805386111140251,-9.718677520751953
999,999.0,0.016489118337631226,0.00029999703912842054,0.034332096576690674,16.489116668701172
999,999.0,0.023005936294794083,0.00029999333806634247,0.02643696404993534,23.005935668945312
999,999.0,0.024112949147820473,0.00029998815663057245,0.0233791284263134,24.112947463989258
999,999.0,0.018646681681275368,0.00029998149487224914,0.016118234023451805,18.64668083190918
999,999.0,0.016248691827058792,0.00029997335285712143,0.02541549690067768,16.24869155883789
999,999.0,0.016240885481238365,0.0002999637306655477,0.018544908612966537,16.24088478088379
999,999.0,0.016561998054385185,0.000299952628392495,0.014413008466362953,16.561996459960938
999,999.0,0.02343866042792797,0.0002999400461475385,0.016101935878396034,23.43865966796875
999,999.0,0.0277254655957222,0.0002999259840548598,0.006856562104076147,27.7254638671875
999,999.0,0.016445428133010864,0.000299910442253246,0.01349328551441431,16.44542694091797
999,999.0,0.020481161773204803,0.00029989342089608846,0.014424017630517483,20.48116111755371
999,999.0,0.02134353667497635,0.0002998749201513811,0.02129444107413292,21.343536376953125
999,999.0,0.020518846809864044,0.00029985494020171884,0.026599261909723282,20.51884651184082
999,999.0,0.02279398962855339,0.00029983348124429566,0.028739629313349724,22.793989181518555
999,999.0,0.022405730560421944,0.0002998105434909028,0.03281738609075546,22.405729293823242
999,999.0,0.015500235371291637,0.0002997861271679266,0.030329113826155663,15.500234603881836
999,999.0,0.02091999165713787,0.0002997602325163464,0.0223997812718153,20.91999053955078
999,999.0,0.016896836459636688,0.0002997328597917319,0.016624677926301956,16.896835327148438
999,999.0,0.015492758713662624,0.0002997040092642408,0.02623176947236061,15.492757797241211
999,999.0,0.01682816445827484,0.0002996736812186163,0.019950905814766884,16.828163146972656
999,999.0,0.013609591871500015,0.0002996418759541838,0.028012439608573914,13.609591484069824
999,999.0,0.015771539881825447,0.0002996085937848486,0.03331879526376724,15.771539688110352
999,999.0,0.01563440077006817,0.0002995738350390921,0.03278752416372299,15.6343994140625
999,999.0,0.035546086728572845,0.0002995376000599692,0.03758825734257698,35.546085357666016
999,999.0,0.036731548607349396,0.00029949988920510446,0.02874545380473137,36.73154830932617
999,999.0,0.02807990089058876,0.0002994607028466888,0.02790107950568199,28.079898834228516
999,999.0,0.03222806379199028,0.00029942004137147586,0.01572873443365097,32.22806167602539
999,999.0,0.03403272107243538,0.0002993779051807778,0.017335228621959686,34.032718658447266
999,999.0,0.039352234452962875,0.0002993342946904619,0.01704004406929016,39.35223388671875
999,999.0,0.03436477854847908,0.0002992892103309462,0.018792277202010155,34.364776611328125
999,999.0,0.03764212131500244,0.00029924265254719496,0.018577007576823235,37.642120361328125
999,999.0,0.04336472600698471,0.00029919462179871475,0.023170139640569687,43.364723205566406
999,999.0,0.036097802221775055,0.0002991451185595498,0.021807057783007622,36.097801208496094
999,999.0,0.04579181224107742,0.0002990941433182769,0.02479407750070095,45.79180908203125
999,999.0,0.04491505026817322,0.0002990416965780012,0.024817144498229027,44.91504669189453
999,999.0,0.03575409948825836,0.00029898777885635085,0.021975059062242508,35.75409698486328
999,999.0,0.04831946641206741,0.000298932390685472,0.026656515896320343,48.31946563720703
999,999.0,0.040426529943943024,0.00029887553261202354,0.022528626024723053,40.42652893066406
999,999.0,0.04486095532774925,0.00029881720519717164,0.023562999442219734,44.86095428466797
999,999.0,0.03816665709018707,0.0002987574090165844,0.021505199372768402,38.166656494140625
999,999.0,0.046266358345746994,0.00029869614466042593,0.02149970643222332,46.266357421875
999,999.0,0.039407603442668915,0.0002986334127333508,0.02044791728258133,39.40760040283203
999,999.0,0.04173978045582771,0.00029856921385449763,0.02282426878809929,41.739776611328125
999,999.0,0.04530172795057297,0.0002985035486574836,0.01926131173968315,45.301727294921875
999,999.0,0.042895156890153885,0.00029843641779039756,0.021889613941311836,42.8951530456543
999,999.0,0.04555463418364525,0.0002983678219157942,0.02158604934811592,45.554630279541016
999,999.0,0.04508274421095848,0.0002982977617106871,0.022398391738533974,45.082740783691406
999,999.0,0.046155497431755066,0.00029822623786654207,0.016730956733226776,46.155494689941406
999,999.0,0.042729273438453674,0.00029815325108927063,0.02365414798259735,42.729270935058594
999,999.0,0.04395051673054695,0.00029807880209922283,0.02118220180273056,43.95051574707031
999,999.0,0.040051694959402084,0.00029800289163118014,0.019700555130839348,40.051692962646484
999,999.0,0.046028926968574524,0.0002979255204343483,0.015955429524183273,46.02892303466797
999,999.0,0.039507780224084854,0.00029784668927234964,0.019641228020191193,39.50777816772461
999,999.0,0.04466674476861954,0.000297766398923216,0.019588371738791466,44.666744232177734
999,999.0,0.04102734103798866,0.00029768465017938076,0.016108769923448563,41.027339935302734
999,999.0,0.04118805378675461,0.0002976014438476709,0.017786771059036255,41.188053131103516
999,999.0,0.04099064692854881,0.0002975167807492994,0.02000610902905464,40.99064636230469
999,999.0,0.04147899150848389,0.0002974306617198568,0.017166409641504288,41.47898864746094
999,999.0,0.04194878414273262,0.00029734308760930326,0.01829063706099987,41.94878387451172
999,999.0,0.038806915283203125,0.00029725405928195976,0.017230462282896042,38.806915283203125
999,999.0,0.044375061988830566,0.0002971635776165,0.016367333009839058,44.37506103515625
999,999.0,0.03783097863197327,0.00029707164350594156,0.01903671771287918,37.83097839355469
999,999.0,0.04610756039619446,0.0002969782578576369,0.017566675320267677,46.10755920410156
999,999.0,0.042845964431762695,0.00029688342159326476,0.017042607069015503,42.84596252441406
999,999.0,0.0428447462618351,0.0002967871356488207,0.017499735578894615,42.84474563598633
999,999.0,0.042523715645074844,0.00029668940097460816,0.015734048560261726,42.523712158203125
999,999.0,0.03838745132088661,0.00029659021853522887,0.016566844657063484,38.387451171875
999,999.0,0.03731191158294678,0.00029648958930957357,0.01854393444955349,37.31190872192383
999,999.0,0.043988313525915146,0.000296387514290812,0.017648087814450264,43.988311767578125
999,999.0,0.03908210247755051,0.0002962839944863834,0.021319203078746796,39.08209991455078
999,999.0,0.04342978075146675,0.00029617903091798647,0.01803681068122387,43.429779052734375
999,999.0,0.04273729398846626,0.0002960726246215692,0.017002684995532036,42.7372932434082
999,999.0,0.04360302537679672,0.00029596477664731884,0.018345028162002563,43.603023529052734
999,999.0,0.03694756701588631,0.0002958554880596513,0.019572218880057335,36.947566986083984
999,999.0,0.043124970048666,0.0002957447599372009,0.017866719514131546,43.124969482421875
999,999.0,0.04206041246652603,0.0002956325933728095,0.01760871894657612,42.06040954589844
999,999.0,0.04100702702999115,0.0002955189894735157,0.017789384350180626,41.00702667236328
999,999.0,0.0382685661315918,0.0002954039493605442,0.017750803381204605,38.2685661315918
999,999.0,0.03922969475388527,0.00029528747416929447,0.017098866403102875,39.22969436645508
999,999.0,0.04422186315059662,0.0002951695650493296,0.017653226852416992,44.22186279296875
999,999.0,0.04372471943497658,0.00029505022316436507,0.02175487019121647,43.72471618652344
999,999.0,0.03944848105311394,0.000294929449692257,0.01708378829061985,39.44847869873047
999,999.0,0.04260212182998657,0.0002948072458249909,0.014949874021112919,42.60211944580078
999,999.0,0.04221360385417938,0.00029468361276866953,0.016665751114487648,42.213600158691406
999,999.0,0.038974933326244354,0.0002945585517435013,0.018551552668213844,38.97492980957031
999,999.0,0.042640358209609985,0.00029443206398378796,0.017740430310368538,42.640357971191406
999,999.0,0.04219662398099899,0.00029430415073791266,0.016924263909459114,42.19662094116211
999,999.0,0.038405027240514755,0.0002941748132683276,0.02463112212717533,38.405025482177734
999,999.0,0.044781871140003204,0.00029404405285154126,0.01998024247586727,44.78186798095703
999,999.0,0.04251362755894661,0.00029391187077810625,0.017441540956497192,42.51362609863281
999,999.0,0.04348725453019142,0.0002937782683526062,0.02094404213130474,43.48725128173828
999,999.0,0.04367057979106903,0.0002936432468936432,0.022173834964632988,43.67057800292969
999,999.0,0.044819097965955734,0.00029350680773382445,0.02342630922794342,44.819095611572266
999,999.0,0.04000329598784447,0.00029336895221974935,0.02686486393213272,40.0032958984375
999,999.0,0.044543005526065826,0.0002932296817119963,0.024752303957939148,44.54300308227539
999,999.0,0.042330995202064514,0.00029308899758510886,0.02868827059864998,42.33099365234375
999,999.0,0.04051155596971512,0.00029294690122758267,0.02363402023911476,40.51155471801758
999,999.0,0.03870399668812752,0.00029280339404185135,0.02671157382428646,38.70399475097656
999,,,0.0002926584774442729,0.02630588971078396,
999,,,0.0002925121528651156,0.027374954894185066,
999,,,0.00029236442174854406,0.022211113944649696,
999,,,0.00029221528555260464,0.0197528637945652,
999,,,0.00029206474574921144,0.022868966683745384,
999,,,0.0002919128038241316,0.024035250768065453,
999,,,0.00029175946127697056,0.02283964492380619,
999,,,0.0002916047196211573,0.01828673854470253,
999,,,0.00029144858038392953,0.01806355081498623,
999,,,0.0002912910451063184,0.02335955761373043,
999,,,0.0002911321153431337,0.017257867380976677,
999,,,0.0002909717926629478,0.019612016156315804,
999,,,0.000290810078648081,0.017069173976778984,
999,,,0.00029064697489458523,0.016805071383714676,
999,,,0.0002904824830122288,0.019558826461434364,
999,,,0.00029031660462448003,0.016486123204231262,
999,,,0.0002901493413684917,0.020467225462198257,
999,,,0.00028998069489508463,0.020217768847942352,
999,,,0.0002898106668687315,0.017215024679899216,
999,,,0.00028963925896754024,0.019011175259947777,
999,,,0.0002894664728832376,0.018499411642551422,
999,,,0.0002892923103211525,0.016339192166924477,
999,,,0.0002891167730001991,0.019879277795553207,
999,,,0.0002889398626528599,0.022608602419495583,
999,,,0.0002887615810251686,0.021495826542377472,
999,,,0.0002885819298766929,0.019546542316675186,
999,,,0.0002884009109805171,0.018328221514821053,
999,,,0.00028821852612322466,0.020876174792647362,
999,,,0.00028803477710488045,0.022740565240383148,
999,,,0.0002878496657390131,0.02353001944720745,
999,,,0.0002876631938525971,0.02389303222298622,
999,,,0.0002874753632860346,0.022475415840744972,
999,,,0.00028728617589313755,0.021876709535717964,
999,,,0.0002870956335411091,0.021668732166290283,
999,,,0.00028690373811052536,0.020009297877550125,
999,,,0.00028671049149531675,0.020634295418858528,
999,,,0.0002865158956027493,0.00950715783983469,
999,,,0.000286319952353406,0.01998327672481537,
999,,,0.00028612266368116746,0.021782319992780685,
999,,,0.00028592403153319344,0.024814564734697342,
999,,,0.0002857240578699029,0.01883717253804207,
999,,,0.0002855227446649552,0.02558751218020916,
999,,,0.00028532009390523037,0.022001463919878006,
999,,,0.00028511610759080966,0.024052809923887253,
999,,,0.00028491078773495564,0.01805606484413147,
999,,,0.0002847041363640923,0.02253190614283085,
999,,,0.0002844961555177854,0.022076882421970367,
999,,,0.0002842868472487218,0.017293481156229973,
999,,,0.0002840762136226896,0.01823543570935726,
999,,,0.00028386425671855775,0.023466363549232483,
999,,,0.00028365097862825524,0.022372955456376076,
999,,,0.00028343638145675076,0.022704580798745155,
999,,,0.0002832204673220317,0.024378584697842598,
999,,,0.00028300323835508354,0.017592595890164375,
999,,,0.0002827846966998683,0.021455448120832443,
999,,,0.0002825648445133041,0.022564204409718513,
999,,,0.00028234368396524306,0.018068553879857063,
999,,,0.0002821212172384506,0.018455278128385544,
999,,,0.0002818974465285835,0.01862725429236889,
999,,,0.00028167237404416837,0.022268852218985558,
999,,,0.0002814460020065796,0.021756611764431,
999,,,0.000281218332650018,0.021872280165553093,
999,,,0.0002809893682214881,0.02388482727110386,
999,,,0.00028075911098077643,0.02308681048452854,
999,,,0.0002805275632004289,0.023856960237026215,
999,,,0.0002802947271657288,0.017664464190602303,
999,,,0.00028006060517467356,0.01956355571746826,
999,,,0.0002798251995379529,0.018654245883226395,
999,,,0.0002795885125789253,0.016892626881599426,
999,,,0.00027935054663359563,0.020879510790109634,
999,,,0.0002791113040505916,0.020980747416615486,
999,,,0.0002788707871911409,0.018839579075574875,
999,,,0.0002786289984290479,0.01878228783607483,
999,,,0.00027838594015067,0.016489503905177116,
999,,,0.0002781416147548943,0.016626862809062004,
999,,,0.0002778960246531139,0.019656555727124214,
999,,,0.0002776491722692038,0.017120257019996643,
999,,,0.0002774010600394975,0.01887286826968193,
999,,,0.0002771516904127625,0.02040094882249832,
999,,,0.00027690106585017636,0.022011874243617058,
999,,,0.0002766491888253023,0.019106727093458176,
999,,,0.0002763960618240649,0.02062254026532173,
999,,,0.00027614168734472545,0.020399602130055428,
999,,,0.0002758860678978573,0.017952969297766685,
999,,,0.0002756292060063214,0.020118024200201035,
999,,,0.00027537110420524063,0.01790509559214115,
999,,,0.00027511176504197576,0.01849217899143696,
999,,,0.0002748511910760996,0.017531510442495346,
999,,,0.000274589384879372,0.017775729298591614,
999,,,0.00027432634903571437,0.0163167305290699,
999,,,0.00027406208614118435,0.01815459318459034,
999,,,0.00027379659880395003,0.018273208290338516,
999,,,0.0002735298896442642,0.01613146997988224,
999,,,0.00027326196129443865,0.014251595363020897,
999,,,0.000272992816398818,0.016687404364347458,
999,,,0.0002727224576137537,0.016056422144174576,
999,,,0.00027245088760757775,0.015444951131939888,
999,,,0.0002721781090605766,0.016718123108148575,
999,,,0.00027190412466496423,0.014731431379914284,
999,,,0.00027162893712485617,0.015343833714723587,
999,,,0.0002713525491562423,0.013917751610279083,
999,,,0.0002710749634869602,0.015792766585946083,
999,,,0.00027079618285666846,0.014580181799829006,
999,,,0.00027051621001681936,0.011970451101660728,
999,,,0.0002702350477306317,0.013685621321201324,
999,,,0.00026995269877306383,0.013470091857016087,
999,,,0.00026966916593078587,0.013510586693882942,
999,,,0.0002693844520021526,0.013110649771988392,
999,,,0.0002690985597971755,0.014019269496202469,
999,,,0.00026881149213749535,0.014898909255862236,
999,,,0.0002685232518563538,0.013254829682409763,
999,,,0.00026823384179856623,0.015859300270676613,
999,,,0.00026794326482049304,0.01351716835051775,
999,,,0.00026765152379001173,0.012509451247751713,
999,,,0.00026735862158648843,0.015754459425807,
999,,,0.0002670645611007497,0.015235952101647854,
999,,,0.0002667693452350538,0.012542975135147572,
999,,,0.00026647297690306204,0.013733351603150368,
999,,,0.00026617545902981037,0.014939703047275543,
999,,,0.00026587679455167994,0.013409788720309734,
999,,,0.0002655769864163686,0.01255236379802227,
999,,,0.00026527603758286174,0.0160155538469553,
999,,,0.00026497395102140274,0.013831070624291897,
999,,,0.000264670729713464,0.01233475748449564,
999,,,0.00026436637665171745,0.014513344503939152,
999,,,0.0002640608948400049,0.01388181559741497,
999,,,0.0002637542872933086,0.012990099377930164,
999,,,0.0002634465570377211,0.014872650615870953,
999,,,0.0002631377071104159,0.014597666449844837,
999,,,0.000262827740559617,0.016220128163695335,
999,,,0.0002625166604445692,0.014790141023695469,
999,,,0.0002622044698355076,0.013730758801102638,
999,,,0.0002618911718136276,0.016981927677989006,
999,,,0.00026157676947105406,0.01371152326464653,
999,,,0.0002612612659108112,0.015032811090350151,
999,,,0.0002609446642467918,0.015361178666353226,
999,,,0.00026062696760372644,0.016558483242988586,
999,,,0.00026030817911715275,0.01175572257488966,
999,,,0.0002599883019333844,0.014760864898562431,
999,,,0.00025966733920948,0.016802579164505005,
999,,,0.0002593452941132121,0.017945097759366035,
999,,,0.0002590221698230358,0.015835590660572052,
999,,,0.0002586979695280574,0.016749398782849312,
999,,,0.00025837269642800287,0.018253585323691368,
999,,,0.0002580463537331864,0.015407119877636433,
999,,,0.00025771894466447874,0.02579588070511818,
999,,,0.0002573904724532751,0.03315861523151398,
999,,,0.00025706094034146364,0.03585880622267723,
999,,,0.0002567303515813933,0.04045679792761803,
999,,,0.0002563987094358415,0.05424448102712631,
999,,,0.00025606601717798256,0.015258844941854477,
999,,,0.00025573227809135463,0.024958455935120583,
999,,,0.0002553974954698278,0.014627723954617977,
999,,,0.00025506167261757134,0.020716562867164612,
999,,,0.00025472481284902134,-0.003018959192559123,
999,,,0.00025438691948884753,0.016330929473042488,
999,,,0.00025404799587192114,0.032529279589653015,
999,,,0.0002537080453432814,0.01183960773050785,
999,,,0.0002533670712581027,0.0011989669874310493,
999,,,0.0002530250769816617,0.018842237070202827,
999,,,0.0002526820658893038,0.004703062120825052,
999,,,0.00025233804136641,0.012015783227980137,
999,,,0.0002519930068083634,0.03604470565915108,
999,,,0.0002516469656205159,0.02898513898253441,
999,,,0.0002512999212181542,0.03129011392593384,
999,,,0.00025095187702646655,0.02759176306426525,
999,,,0.00025060283648050855,0.02310316450893879,
999,,,0.0002502528030251695,0.025043964385986328,
999,,,0.0002499017801151383,0.040710482746362686,
999,,,0.00024954977121486937,0.02088320255279541,
999,,,0.00024919677979854836,0.04962289705872536,
999,,,0.00024884280935005815,0.02187257818877697,
999,,,0.00024848786336294405,0.04164489358663559,
999,,,0.0002481319453403797,0.015134804882109165,
999,,,0.0002477750587951324,0.03668522089719772,
999,,,0.00024741720724952813,0.03563407063484192,
999,,,0.00024705839423541724,0.037014685571193695,
999,,,0.0002466986232941393,0.03461381047964096,
999,,,0.00024633789797648826,0.03284906968474388,
999,,,0.0002459762218426774,0.03105824440717697,
999,,,0.00024561359846230407,0.03145350515842438,
999,,,0.00024525003141431475,0.03403981029987335,
999,,,0.00024488552428696933,0.030570024624466896,
999,,,0.000244520080677806,0.0359545573592186,
999,,,0.0002441537041936057,0.029441960155963898,
999,,,0.00024378639845035644,0.03208465874195099,
999,,,0.00024341816707321753,0.03313618525862694,
999,,,0.00024304901369648406,0.036240044981241226,
999,,,0.00024267894196355078,0.03378565236926079,
999,,,0.00024230795552687636,0.03720540180802345,
999,,,0.00024193605804794711,0.035379111766815186,
999,,,0.00024156325319724098,0.03659713268280029,
999,,,0.00024118954465419146,0.03462531417608261,
999,,,0.00024081493610715084,0.03291686996817589,
999,,,0.00024043943125335435,0.034907177090644836,
999,,,0.00024006303379888323,0.03480970859527588,
999,,,0.00023968574745862847,0.03562665358185768,
999,,,0.00023930757595625385,0.03489839285612106,
999,,,0.00023892852302415953,0.035614948719739914,
999,,,0.00023854859240344481,0.033914871513843536,
999,,,0.0002381677878438716,0.036614637821912766,
999,,,0.00023778611310382714,0.03298927843570709,
999,,,0.00023740357195028703,0.0362599678337574,
999,,,0.00023702016815877803,0.0334148071706295,
999,,,0.00023663590551334076,0.03588549792766571,
999,,,0.00023625078780649243,0.03785943239927292,
999,,,0.00023586481883918923,0.03390682488679886,
999,,,0.0002354780024207892,0.03470654413104057,
999,,,0.0002350903423690141,0.03654376417398453,
999,,,0.00023470184250991218,0.030675144866108894,
999,,,0.0002343125066778202,0.034153733402490616,
999,,,0.00023392233871532566,0.0342046357691288,
999,,,0.00023353134247322882,0.032868847250938416,
999,,,0.00023313952181050474,0.037276871502399445,
999,,,0.0002327468805942652,0.03661651536822319,
999,,,0.0002323534226997204,0.038032300770282745,
999,,,0.00023195915201014097,0.035407960414886475,
999,,,0.00023156407241681947,0.03602142259478569,
999,,,0.00023116818781903197,0.037243038415908813,
999,,,0.0002307715021239996,0.036563415080308914,
999,,,0.00023037401924685009,0.03551998361945152,
999,,,0.0002299757431105789,0.03571541607379913,
999,,,0.0002295766776460107,0.03754284232854843,
999,,,0.00022917682679176056,0.03501449152827263,
999,,,0.00022877619449419495,0.03469685837626457,
999,,,0.00022837478470739292,0.0343172587454319,
999,,,0.000227972601393107,0.03844932094216347,
999,,,0.00022756964852072419,0.038279857486486435,
999,,,0.00022716593006722661,0.0361626073718071,
999,,,0.00022676145001715236,0.03618096187710762,
999,,,0.0002263562123625563,0.03717374429106712,
999,,,0.00022595022110297048,0.03709784895181656,
999,,,0.0002255434802453647,0.03515434265136719,
999,,,0.0002251359938041071,0.03586632385849953,
999,,,0.00022472776580092423,0.03474585711956024,
999,,,0.00022431880026486175,0.036023952066898346,
999,,,0.00022390910123224435,0.038332972675561905,
999,,,0.00022349867274663613,0.03428361564874649,
999,,,0.00022308751885880045,0.0343792587518692,
999,,,0.0002226756436266603,0.03504640609025955,
999,,,0.00022226305111525786,0.03553599491715431,
999,,,0.00022184974539671474,0.03429025039076805,
999,,,0.00022143573055019146,0.03687473013997078,
999,,,0.00022102101066184742,0.037545718252658844,
999,,,0.00022060558982480048,0.03681255131959915,
999,,,0.00022018947213908662,0.03758832812309265,
999,,,0.00021977266171161933,0.03141806647181511,
999,,,0.0002193551626561493,0.036285143345594406,
999,,,0.00021893697909322377,0.03822769969701767,
999,,,0.00021851811515014548,0.03611740469932556,
999,,,0.00021809857496093258,0.03654337301850319,
999,,,0.00021767836266627734,0.035202302038669586,
999,,,0.00021725748241350546,0.03873228654265404,
999,,,0.00021683593835653502,0.03586740046739578,
999,,,0.00021641373465583583,0.03352302312850952,
999,,,0.0002159908754783879,0.033700838685035706,
999,,,0.00021556736499764054,0.035786550492048264,
999,,,0.00021514320739347132,0.036757875233888626,
999,,,0.00021471840685214448,0.03546500578522682,
999,,,0.00021429296756626988,0.036572981625795364,
999,,,0.00021386689373476152,0.03504857420921326,
999,,,0.00021344018956279614,0.03700609132647514,
999,,,0.00021301285926177154,0.03860877454280853,
999,,,0.0002125849070492654,0.03861275687813759,
999,,,0.00021215633714899326,0.035670243203639984,
999,,,0.0002117271537907669,0.032957132905721664,
999,,,0.00021129736121045298,0.03756355494260788,
999,,,0.0002108669636499306,0.0376972034573555,
999,,,0.00021043596535705,0.0379488505423069,
999,,,0.00021000437058559028,0.03599309176206589,
999,,,0.0002095721835952177,0.03761988878250122,
999,,,0.0002091394086514432,0.035010892897844315,
999,,,0.00020870605002558094,0.03584379702806473,
999,,,0.00020827211199470552,0.03652387112379074,
999,,,0.00020783759884161006,0.036927808076143265,
999,,,0.00020740251485476408,0.03341000899672508,
999,,,0.0002069668643282708,0.03710110858082771,
999,,,0.00020653065156182502,0.03583633527159691,
999,,,0.00020609388086067064,0.03314536064863205,
999,,,0.00020565655653555828,0.034113701432943344,
999,,,0.00020521868290270228,0.03532233461737633,
999,,,0.00020478026428373877,0.036001525819301605,
999,,,0.00020434130500568244,0.037029948085546494,
999,,,0.0002039018094008842,0.03610746189951897,
999,,,0.00020346178180698818,0.036034438759088516,
999,,,0.00020302122656688917,0.03827493265271187,
999,,,0.00020258014802868943,0.0387091301381588,
999,,,0.0002021385505456561,0.035521164536476135,
999,,,0.00020169643847617815,0.03643718361854553,
999,,,0.00020125381618372307,0.03956111893057823,
999,,,0.0002008106880367943,0.03343889117240906,
999,,,0.00020036705840888766,0.035622116178274155,
999,,,0.00019992293167844856,0.035844046622514725,
999,,,0.00019947831222882846,0.03469754010438919,
999,,,0.00019903320444824196,0.03732845187187195,
999,,,0.00019858761272972296,0.04038466513156891,
999,,,0.00019814154147108193,0.03892001137137413,
999,,,0.0001976949950748622,0.03500783070921898,
999,,,0.00019724797794829624,0.03882787376642227,
999,,,0.0001968004945032628,0.037390660494565964,
999,,,0.00019635254915624265,0.039404794573783875,
999,,,0.00019590414632827567,0.036787740886211395,
999,,,0.00019545529044491666,0.038273803889751434,
999,,,0.000195005985936192,0.03421393781900406,
999,,,0.00019455623723655576,0.03379318118095398,
999,,,0.00019410604878484613,0.037088945508003235,
999,,,0.00019365542502424132,0.034413643181324005,
999,,,0.00019320437040221589,0.03296806290745735,
999,,,0.00019275288937049695,0.03731565549969673,
999,,,0.00019230098638501995,0.03401368483901024,
999,,,0.00019184866590588495,0.034659694880247116,
999,,,0.00019139593239731243,0.0371609590947628,
999,,,0.00019094279032759936,0.033471573144197464,
999,,,0.00019048924416907497,0.03592716157436371,
999,,,0.00019003529839805688,0.03790004551410675,
999,,,0.0001895809574948065,0.03626987710595131,
999,,,0.00018912622594348505,0.03612637519836426,
999,,,0.00018867110823210954,0.03517069295048714,
999,,,0.0001882156088525079,0.03990304470062256,
999,,,0.0001877597323002751,0.036947961896657944,
999,,,0.00018730348307472873,0.0374189056456089,
999,,,0.0001868468656788645,0.03509925678372383,
999,,,0.00018638988461931163,0.029159989207983017,
999,,,0.00018593254440628883,0.03360861539840698,
999,,,0.00018547484955355926,0.0369621142745018,
999,,,0.00018501680457838637,0.038260649889707565,
999,,,0.00018455841400148913,0.03635105863213539,
999,,,0.0001840996823469975,0.03680383786559105,
999,,,0.00018364061414240772,0.033799562603235245,
999,,,0.0001831812139185376,0.03808041661977768,
999,,,0.00018272148620948194,0.03580966219305992,
999,,,0.00018226143555256753,0.035258129239082336,
999,,,0.00018180106648830874,0.03555498644709587,
999,,,0.00018134038356036226,0.03621595725417137,
999,,,0.00018087939131548273,0.03590219467878342,
999,,,0.0001804180943034774,0.034954968839883804,
999,,,0.0001799564970771616,0.035001710057258606,
999,,,0.00017949460419231352,0.03834567591547966,
999,,,0.00017903242020762957,0.03669528290629387,
999,,,0.00017856994968467905,0.03443474695086479,
999,,,0.00017810719718785922,0.03559590503573418,
999,,,0.00017764416728435054,0.03607027977705002,
999,,,0.0001771808645440711,0.03910324349999428,
999,,,0.000176717293539632,0.03667492792010307,
999,,,0.00017625345884629193,0.03589637577533722,
999,,,0.00017578936504191196,0.03533921763300896,
999,,,0.0001753250167069106,0.03831043839454651,
999,,,0.00017486041842421847,0.03739418461918831,
999,,,0.00017439557477923304,0.03522782772779465,
999,,,0.0001739304903597734,0.03493615612387657,
999,,,0.00017346516975603514,0.03444975987076759,
999,,,0.00017299961756054457,0.03672267496585846,
999,,,0.00017253383836811405,0.03533255308866501,
999,,,0.00017206783677579606,0.034327514469623566,
999,,,0.0001716016173828383,0.03367454558610916,
999,,,0.00017113518479063786,0.03592319414019585,
999,,,0.0001706685436026962,0.03645756095647812,
999,,,0.00017020169842457336,0.0359576977789402,
999,,,0.00016973465386384284,0.03606854006648064,
999,,,0.0001692674145300459,0.03703931346535683,
999,,,0.0001687999850346461,0.03579997643828392,
999,,,0.00016833236999098388,0.0340583361685276,
999,,,0.00016786457401423094,0.03729856386780739,
999,,,0.0001673966017213447,0.038217123597860336,
999,,,0.0001669284577310227,0.03678569197654724,
999,,,0.00016646014666365727,0.03397877514362335,
999,,,0.00016599167314128944,0.035574641078710556,
999,,,0.00016552304178756385,0.034799423068761826,
999,,,0.00016505425722768269,0.035646457225084305,
999,,,0.0001645853240883604,0.03534361347556114,
999,,,0.0001641162469977776,0.03633184731006622,
999,,,0.00016364703058553595,0.03601069003343582,
999,,,0.00016317767948261197,0.036385323852300644,
999,,,0.00016270819832131146,0.03689682483673096,
999,,,0.00016223859173522412,0.03668757155537605,
999,,,0.0001617688643591772,0.03693170100450516,
999,,,0.00016129902082919037,0.03654457628726959,
999,,,0.00016082906578242955,0.03421533480286598,
999,,,0.00016035900385716136,0.03639901429414749,
999,,,0.00015988883969270712,0.035375792533159256,
999,,,0.00015941857792939746,0.03718093782663345,
999,,,0.00015894822320852608,0.03683556988835335,
999,,,0.00015847778017230411,0.03705136850476265,
999,,,0.00015800725346381452,0.03688595071434975,
999,,,0.00015753664772696587,0.04028310626745224,
999,,,0.0001570659676064468,0.035182707011699677,
999,,,0.00015659521774768014,0.03927425667643547,
999,,,0.00015612440279677694,0.0381564125418663,
999,,,0.00015565352740049058,0.035370834171772,
999,,,0.00015518259620617129,0.035855188965797424,
999,,,0.00015471161386171965,0.0384235605597496,
999,,,0.0001542405850155414,0.03493572026491165,
999,,,0.00015376951431650106,0.040195222944021225,
999,,,0.0001532984064138762,0.036705054342746735,
999,,,0.00015282726595731167,0.03581920266151428,
999,,,0.00015235609759677355,0.040861133486032486,
999,,,0.00015188490598250334,0.03849904611706734,
999,,,0.00015141369576497204,0.03478926047682762,
999,,,0.0001509424715948343,0.03778974711894989,
999,,,0.00015047123812288236,0.03548714518547058,
999,,,0.00015000000000000042,0.03580113500356674,
999,,,0.00014952876187711848,0.03676112741231918,
999,,,0.00014905752840516657,0.036275241523981094,
999,,,0.0001485863042350288,0.0372646227478981,
999,,,0.0001481150940174975,0.0359845831990242,
999,,,0.00014764390240322732,0.0369112454354763,
999,,,0.00014717273404268915,0.036043930798769,
999,,,0.00014670159358612462,0.03530873358249664,
999,,,0.00014623048568349978,0.03810209035873413,
999,,,0.00014575941498445942,0.04136115312576294,
999,,,0.00014528838613828116,0.03964711353182793,
999,,,0.0001448174037938296,0.03791068121790886,
999,,,0.00014434647259951023,0.0321786105632782,
999,,,0.00014387559720322393,0.037320006638765335,
999,,,0.00014340478225232072,0.035994455218315125,
999,,,0.000142934032393554,0.03544992953538895,
999,,,0.00014246335227303502,0.036475956439971924,
999,,,0.00014199274653618638,0.03581274300813675,
999,,,0.00014152221982769675,0.0363086499273777,
999,,,0.00014105177679147481,0.039310891181230545,
999,,,0.00014058142207060343,0.03844127058982849,
999,,,0.00014011116030729373,0.03784334659576416,
999,,,0.00013964099614283956,0.0364159494638443,
999,,,0.00013917093421757134,0.03616813197731972,
999,,,0.0001387009791708105,0.03914845734834671,
999,,,0.00013823113564082369,0.03585570305585861,
999,,,0.00013776140826477677,0.03709041699767113,
999,,,0.00013729180167868939,0.03745845705270767,
999,,,0.00013682232051738893,0.03521483391523361,
999,,,0.00013635296941446492,0.03684837743639946,
999,,,0.00013588375300222324,0.0381900854408741,
999,,,0.0001354146759116405,0.0354892760515213,
999,,,0.00013494574277231816,0.03653888776898384,
999,,,0.00013447695821243701,0.03941798210144043,
999,,,0.0001340083268587114,0.03691145032644272,
999,,,0.0001335398533363436,0.037145089358091354,
999,,,0.00013307154226897813,0.03363959491252899,
999,,,0.00013260339827865617,0.037443749606609344,
999,,,0.00013213542598576993,0.03799603134393692,
999,,,0.00013166763000901693,0.03751815855503082,
999,,,0.00013120001496535474,0.0403771735727787,
999,,,0.00013073258546995495,0.03377832472324371,
999,,,0.000130265346136158,0.037254899740219116,
999,,,0.00012979830157542748,0.03807623311877251,
999,,,0.00012933145639730466,0.03671985864639282,
999,,,0.00012886481520936298,0.036609429866075516,
999,,,0.00012839838261716253,0.04007231444120407,
999,,,0.00012793216322420478,0.038265809416770935,
999,,,0.0001274661616318868,0.03658624738454819,
999,,,0.0001270003824394563,0.03816123306751251,
999,,,0.00012653483024396576,0.0392659455537796,
999,,,0.00012606950964022743,0.039158016443252563,
999,,,0.00012560442522076783,0.03291521593928337,
999,,,0.00012513958157578243,0.036513589322566986,
999,,,0.00012467498329309028,0.03902021422982216,
999,,,0.0001242106349580889,0.03713780269026756,
999,,,0.00012374654115370897,0.03639037162065506,
999,,,0.0001232827064603688,0.03958378732204437,
999,,,0.00012281913545592976,0.03582257404923439,
999,,,0.00012235583271565036,0.03800129517912865,
999,,,0.00012189280281214165,0.03962455317378044,
999,,,0.00012143005031532186,0.0383889339864254,
999,,,0.00012096757979237134,0.03705078735947609,
999,,,0.00012050539580768732,0.03955534100532532,
999,,,0.00012004350292283931,0.039739180356264114,
999,,,0.00011958190569652348,0.03785162419080734,
999,,,0.00011912060868451812,0.038143664598464966,
999,,,0.0001186596164396386,0.040671102702617645,
999,,,0.00011819893351169215,0.038220588117837906,
999,,,0.00011773856444743334,0.03761333227157593,
999,,,0.00011727851379051896,0.04000697657465935,
999,,,0.0001168187860814633,0.04059477522969246,
999,,,0.00011635938585759314,0.03957059234380722,
999,,,0.00011590031765300339,0.03734372928738594,
999,,,0.00011544158599851175,0.036941494792699814,
999,,,0.00011498319542161453,0.035812292248010635,
999,,,0.00011452515044644162,0.0375874824821949,
999,,,0.00011406745559371205,0.03650913015007973,
999,,,0.0001136101153806892,0.03762253001332283,
999,,,0.00011315313432113637,0.039115097373723984,
999,,,0.00011269651692527212,0.036507170647382736,
999,,,0.00011224026769972573,0.03817859664559364,
999,,,0.00011178439114749302,0.041358280926942825,
999,,,0.00011132889176789134,0.04006415605545044,
999,,,0.00011087377405651578,0.038310494273900986,
999,,,0.00011041904250519438,0.03683685138821602,
999,,,0.000109964701601944,0.03627203404903412,
999,,,0.00010951075583092586,0.038536835461854935,
999,,,0.00010905720967240151,0.04061714932322502,
999,,,0.00010860406760268848,0.03643651306629181,
999,,,0.0001081513340941159,0.0366656593978405,
999,,,0.00010769901361498091,0.03930240869522095,
999,,,0.00010724711062950389,0.03633228689432144,
999,,,0.00010679562959778494,0.04278312996029854,
999,,,0.00010634457497575953,0.038834184408187866,
999,,,0.00010589395121515474,0.038761336356401443,
999,,,0.00010544376276344506,0.04178796336054802,
999,,,0.00010499401406380888,0.03811535984277725,
999,,,0.00010454470955508421,0.0365767739713192,
999,,,0.00010409585367172516,0.03893744945526123,
999,,,0.00010364745084375819,0.036748673766851425,
999,,,0.00010319950549673808,0.035028714686632156,
999,,,0.00010275202205170457,0.03760595992207527,
999,,,0.00010230500492513864,0.038299333304166794,
999,,,0.00010185845852891888,0.03723573312163353,
999,,,0.00010141238727027787,0.037577152252197266,
999,,,0.00010096679555175893,0.038773681968450546,
999,,,0.00010052168777117237,0.03972294181585312,
999,,,0.00010007706832155231,0.03788646310567856,
999,,,9.96329415911132e-05,0.03703314810991287,
999,,,9.918931196320658e-05,0.03593222796916962,
999,,,9.874618381627778e-05,0.03540099039673805,
999,,,9.830356152382272e-05,0.03708232194185257,
999,,,9.786144945434474e-05,0.03955627605319023,
999,,,9.741985197131142e-05,0.03884585201740265,
999,,,9.697877343311174e-05,0.03710946813225746,
999,,,9.653821819301269e-05,0.039830755442380905,
999,,,9.60981905991167e-05,0.03676019236445427,
999,,,9.565869499431844e-05,0.037702806293964386,
999,,,9.521973571626212e-05,0.038995224982500076,
999,,,9.478131709729859e-05,0.03737330436706543,
999,,,9.43434434644426e-05,0.03983929380774498,
999,,,9.390611913933022e-05,0.04123659059405327,
999,,,9.346934843817584e-05,0.03776871785521507,
999,,,9.30331356717301e-05,0.03671059012413025,
999,,,9.259748514523679e-05,0.037700045853853226,
999,,,9.216240115839078e-05,0.03695054352283478,
999,,,9.172788800529535e-05,0.04051293060183525,
999,,,9.129394997441992e-05,0.0371287576854229,
999,,,9.08605913485576e-05,0.03739415854215622,
999,,,9.042781640478314e-05,0.038178253918886185,
999,,,8.999562941441056e-05,0.036685820668935776,
999,,,8.956403464295085e-05,0.040568239986896515,
999,,,8.913303635007027e-05,0.03879713639616966,
999,,,8.87026387895479e-05,0.03965924680233002,
999,,,8.827284620923392e-05,0.03808118402957916,
999,,,8.784366285100762e-05,0.038143593817949295,
999,,,8.741509295073548e-05,0.03807767853140831,
999,,,8.69871407382293e-05,0.03995189443230629,
999,,,8.655981043720477e-05,0.03717697039246559,
999,,,8.613310626523933e-05,0.037503037601709366,
999,,,8.570703243373099e-05,0.03523088991641998,
999,,,8.528159314785643e-05,0.035529423505067825,
999,,,8.485679260652954e-05,0.04008724167943001,
999,,,8.443263500236033e-05,0.03777341544628143,
999,,,8.400912452161294e-05,0.0396270677447319,
999,,,8.358626534416503e-05,0.040395162999629974,
999,,,8.316406164346578e-05,0.039940185844898224,
999,,,8.274251758649542e-05,0.037052448838949203,
999,,,8.232163733372345e-05,0.03769119828939438,
999,,,8.19014250390682e-05,0.035894185304641724,
999,,,8.148188484985534e-05,0.03751363977789879,
999,,,8.106302090677705e-05,0.03933604061603546,
999,,,8.064483734385141e-05,0.040563154965639114,
999,,,8.022733828838145e-05,0.034640368074178696,
999,,,7.981052786091422e-05,0.03673629090189934,
999,,,7.939441017520037e-05,0.038612250238657,
999,,,7.897898933815338e-05,0.03796856105327606,
999,,,7.856426944980931e-05,0.03786236047744751,
999,,,7.815025460328605e-05,0.038863930851221085,
999,,,7.773694888474294e-05,0.04036711901426315,
999,,,7.73243563733405e-05,0.0395154133439064,
999,,,7.691248114120038e-05,0.04025673493742943,
999,,,7.650132725336477e-05,0.04031823202967644,
999,,,7.609089876775644e-05,0.04129672423005104,
999,,,7.568119973513907e-05,0.035595450550317764,
999,,,7.527223419907659e-05,0.03702674061059952,
999,,,7.486400619589377e-05,0.038755714893341064,
999,,,7.445651975463609e-05,0.04065706953406334,
999,,,7.404977889703036e-05,0.037480056285858154,
999,,,7.364378763744451e-05,0.03871063515543938,
999,,,7.323854998284848e-05,0.04074128717184067,
999,,,7.283406993277423e-05,0.03810020163655281,
999,,,7.243035147927663e-05,0.036827899515628815,
999,,,7.202739860689381e-05,0.04019914194941521,
999,,,7.162521529260787e-05,0.040332064032554626,
999,,,7.122380550580582e-05,0.03765455633401871,
999,,,7.082317320824024e-05,0.03783377632498741,
999,,,7.042332235399013e-05,0.03549949824810028,
999,,,7.00242568894219e-05,0.040898457169532776,
999,,,6.962598075315073e-05,0.034683141857385635,
999,,,6.92284978760012e-05,0.03627718240022659,
999,,,6.883181218096882e-05,0.037662021815776825,
999,,,6.843592758318129e-05,0.03466624766588211,
999,,,6.804084798985983e-05,0.03862207010388374,
999,,,6.764657730028044e-05,0.03951957821846008,
999,,,6.725311940573564e-05,0.03494228422641754,
999,,,6.686047818949608e-05,0.037252720445394516,
999,,,6.646865752677195e-05,0.0385536290705204,
999,,,6.607766128467513e-05,0.037022631615400314,
999,,,6.568749332218056e-05,0.03638218343257904,
999,,,6.529815749008862e-05,0.03722469136118889,
999,,,6.490965763098672e-05,0.03849833458662033,
999,,,6.452199757921166e-05,0.03801565617322922,
999,,,6.413518116081151e-05,0.03565210476517677,
999,,,6.374921219350837e-05,0.03858213871717453,
999,,,6.336409448666004e-05,0.03678968921303749,
999,,,6.297983184122274e-05,0.03999681770801544,
999,,,6.259642804971377e-05,0.03262399882078171,
999,,,6.221388689617368e-05,0.03522421792149544,
999,,,6.18322121561292e-05,0.03603518381714821,
999,,,6.145140759655595e-05,0.03840744122862816,
999,,,6.107147697584127e-05,0.03378769010305405,
999,,,6.069242404374694e-05,0.03808870166540146,
999,,,6.031425254137238e-05,0.03701181337237358,
999,,,5.993696620111757e-05,0.035815801471471786,
999,,,5.956056874664644e-05,0.041361525654792786,
999,,,5.918506389284996e-05,0.03795865178108215,
999,,,5.881045534580933e-05,0.03812237083911896,
999,,,5.8436746802759784e-05,0.038090821355581284,
999,,,5.8063941952053707e-05,0.04168489947915077,
999,,,5.7692044473124486e-05,0.03445638716220856,
999,,,5.732105803644996e-05,0.03437410295009613,
999,,,5.6950986303516746e-05,0.031615473330020905,
999,,,5.6581832926783297e-05,0.037983011454343796,
999,,,5.6213601549644365e-05,0.03687027469277382,
999,,,5.584629580639509e-05,0.0337953045964241,
999,,,5.547991932219481e-05,0.03695107623934746,
999,,,5.511447571303148e-05,0.03423701226711273,
999,,,5.474996858568603e-05,0.038570284843444824,
999,,,5.4386401537696685e-05,0.03294754773378372,
999,,,5.402377815732341e-05,0.034908901900053024,
999,,,5.366210202351253e-05,0.03473968058824539,
999,,,5.330137670586146e-05,0.03679627552628517,
999,,,5.2941605764583473e-05,0.03803122788667679,
999,,,5.2582792750472606e-05,0.04028527811169624,
999,,,5.22249412048683e-05,0.03728716820478439,
999,,,5.1868054659620985e-05,0.03529107943177223,
999,,,5.151213663705669e-05,0.03687228634953499,
999,,,5.1157190649942636e-05,0.03535332530736923,
999,,,5.080322020145232e-05,0.034880977123975754,
999,,,5.0450228785131336e-05,0.037872061133384705,
999,,,5.009821988486239e-05,0.03729516267776489,
999,,,4.97471969748312e-05,0.03760691359639168,
999,,,4.939716351949212e-05,0.03587575629353523,
999,,,4.9048122973534156e-05,0.031935915350914,
999,,,4.870007878184645e-05,0.03758049011230469,
999,,,4.8353034379484756e-05,0.037314072251319885,
999,,,4.800699319163724e-05,0.03573039919137955,
999,,,4.766195863359067e-05,0.03606754541397095,
999,,,4.731793411069687e-05,0.03635764122009277,
999,,,4.69749230183389e-05,0.035097815096378326,
999,,,4.663292874189783e-05,0.03942260891199112,
999,,,4.629195465671916e-05,0.039472546428442,
999,,,4.595200412807939e-05,0.03402784839272499,
999,,,4.5613080511152966e-05,0.03580373525619507,
999,,,4.527518715097923e-05,0.03700720891356468,
999,,,4.493832738242919e-05,0.03512836620211601,
999,,,4.46025045301727e-05,0.03452359139919281,
999,,,4.426772190864589e-05,0.03554841876029968,
999,,,4.3933982822017985e-05,0.032726410776376724,
999,,,4.360129056415905e-05,0.038301244378089905,
999,,,4.3269648418607295e-05,0.03921812027692795,
999,,,4.293905965853692e-05,0.033189911395311356,
999,,,4.260952754672541e-05,0.03696146234869957,
999,,,4.2281055335521786e-05,0.03617257997393608,
999,,,4.1953646266814054e-05,0.038654983043670654,
999,,,4.1627303571997624e-05,0.037799298763275146,
999,,,4.130203047194312e-05,0.03469939902424812,
999,,,4.097783017696468e-05,0.036773432046175,
999,,,4.0654705886788346e-05,0.038687530905008316,
999,,,4.033266079052048e-05,0.03555453568696976,
999,,,4.001169806661612e-05,0.03765719756484032,
999,,,3.969182088284771e-05,0.037950549274683,
999,,,3.937303239627402e-05,0.0376332625746727,
999,,,3.9055335753208674e-05,0.036427270621061325,
999,,,3.8738734089189224e-05,0.03446023538708687,
999,,,3.842323052894632e-05,0.038191862404346466,
999,,,3.8108828186372775e-05,0.037513528019189835,
999,,,3.7795530164492744e-05,0.035675618797540665,
999,,,3.748333955543115e-05,0.03426504507660866,
999,,,3.71722594403834e-05,0.03683381900191307,
999,,,3.686229288958451e-05,0.03876156732439995,
999,,,3.655344296227932e-05,0.03885551542043686,
999,,,3.62457127066918e-05,0.036533258855342865,
999,,,3.593910515999544e-05,0.04026558995246887,
999,,,3.5633623348282926e-05,0.03290893882513046,
999,,,3.532927028653638e-05,0.03576488792896271,
999,,,3.5026048978597585e-05,0.03895721212029457,
999,,,3.4723962417138584e-05,0.036307040601968765,
999,,,3.44230135836317e-05,0.03771396353840828,
999,,,3.41232054483204e-05,0.034622855484485626,
999,,,3.382454097019001e-05,0.03908075764775276,
999,,,3.3527023096938315e-05,0.03658534586429596,
999,,,3.3230654764946565e-05,0.03988361731171608,
999,,,3.29354388992506e-05,0.03872787579894066,
999,,,3.264137841351185e-05,0.03407375514507294,
999,,,3.234847620998858e-05,0.036158014088869095,
999,,,3.205673517950728e-05,0.03660385310649872,
999,,,3.176615820143408e-05,0.03947942703962326,
999,,,3.147674814364651e-05,0.03742479160428047,
999,,,3.118850786250502e-05,0.03645461052656174,
999,,,3.090144020282476e-05,0.03774644806981087,
999,,,3.061554799784769e-05,0.03629591688513756,
999,,,3.0330834069214437e-05,0.03704892471432686,
999,,,3.004730122693653e-05,0.03655222803354263,
999,,,2.9764952269368555e-05,0.03875817731022835,
999,,,2.9483789983180924e-05,0.03537235036492348,
999,,,2.920381714333178e-05,0.03888566419482231,
999,,,2.892503651304005e-05,0.0387687161564827,
999,,,2.8647450843757962e-05,0.036592550575733185,
999,,,2.8371062875144066e-05,0.03951934352517128,
999,,,2.809587533503597e-05,0.036301709711551666,
999,,,2.7821890939423637e-05,0.03983890265226364,
999,,,2.754911239242247e-05,0.039900898933410645,
999,,,2.7277542386246566e-05,0.035859934985637665,
999,,,2.7007183601182235e-05,0.03820507228374481,
999,,,2.6738038705561536e-05,0.03721272200345993,
999,,,2.6470110355735938e-05,0.034729886800050735,
999,,,2.620340119605012e-05,0.04089190810918808,
999,,,2.59379138588158e-05,0.03378444164991379,
999,,,2.567365096428577e-05,0.03811172395944595,
999,,,2.5410615120628172e-05,0.041220761835575104,
999,,,2.5148808923900568e-05,0.036358628422021866,
999,,,2.488823495802435e-05,0.03532562032341957,
999,,,2.4628895794759512e-05,0.03865688294172287,
999,,,2.4370793993678804e-05,0.0375567190349102,
999,,,2.411393210214282e-05,0.03726787120103836,
999,,,2.3858312655274698e-05,0.03659415990114212,
999,,,2.3603938175935245e-05,0.0424969457089901,
999,,,2.335081117469779e-05,0.03878137096762657,
999,,,2.3098934149823736e-05,0.03613687679171562,
999,,,2.2848309587237562e-05,0.037282392382621765,
999,,,2.2598939960502577e-05,0.03820313885807991,
999,,,2.2350827730796286e-05,0.0387520007789135,
999,,,2.2103975346886218e-05,0.037035781890153885,
999,,,2.1858385245105754e-05,0.038801409304142,
999,,,2.1614059849330095e-05,0.036118555814027786,
999,,,2.137100157095223e-05,0.03743838146328926,
999,,,2.1129212808859175e-05,0.03792066127061844,
999,,,2.0888695949408512e-05,0.03641665726900101,
999,,,2.064945336640448e-05,0.03893430531024933,
999,,,2.041148742107472e-05,0.039825983345508575,
999,,,2.017480046204719e-05,0.03799879550933838,
999,,,1.9939394825326537e-05,0.03715994954109192,
999,,,1.970527283427138e-05,0.039488423615694046,
999,,,1.947243679957119e-05,0.036615047603845596,
999,,,1.9240889019223725e-05,0.035573769360780716,
999,,,1.901063177851202e-05,0.03657911345362663,
999,,,1.8781667349982135e-05,0.03612596541643143,
999,,,1.8553997993420502e-05,0.037889011204242706,
999,,,1.83276259558318e-05,0.0389220230281353,
999,,,1.8102553471416624e-05,0.036665987223386765,
999,,,1.78787827615495e-05,0.03944093734025955,
999,,,1.765631603475703e-05,0.03997684642672539,
999,,,1.743515548669602e-05,0.0400584377348423,
999,,,1.721530330013177e-05,0.03839762508869171,
999,,,1.6996761644916557e-05,0.03639199957251549,
999,,,1.6779532677968364e-05,0.037524446845054626,
999,,,1.6563618543249366e-05,0.038329847157001495,
999,,,1.6349021371744864e-05,0.03944675624370575,
999,,,1.613574328144233e-05,0.041373953223228455,
999,,,1.5923786377310464e-05,0.034697484225034714,
999,,,1.5713152751278294e-05,0.034435875713825226,
999,,,1.5503844482214647e-05,0.03810502588748932,
999,,,1.5295863635907697e-05,0.03823232278227806,
999,,,1.5089212265044367e-05,0.04087528958916664,
999,,,1.488389240919032e-05,0.03940746560692787,
999,,,1.4679906094769603e-05,0.03948507457971573,
999,,,1.4477255335044805e-05,0.03471612557768822,
999,,,1.4275942130097127e-05,0.03829418867826462,
999,,,1.4075968466806577e-05,0.038322001695632935,
999,,,1.3877336318832478e-05,0.03449582681059837,
999,,,1.3680047646594006e-05,0.0365387462079525,
999,,,1.3484104397250678e-05,0.03650017827749252,
999,,,1.3289508504683232e-05,0.03884262591600418,
999,,,1.3096261889474612e-05,0.04043406620621681,
999,,,1.2904366458890862e-05,0.0387028306722641,
999,,,1.2713824106862394e-05,0.036854300647974014,
999,,,1.252463671396532e-05,0.037158045917749405,
999,,,1.233680614740285e-05,0.04166267439723015,
999,,,1.2150334260986837e-05,0.038559455424547195,
999,,,1.1965222895119496e-05,0.03744172677397728,
999,,,1.1781473876775264e-05,0.03538581728935242,
999,,,1.1599089019482786e-05,0.04069526121020317,
999,,,1.1418070123307009e-05,0.03775325417518616,
999,,,1.1238418974831296e-05,0.03564947471022606,
999,,,1.1060137347140028e-05,0.035137590020895004,
999,,,1.088322699980083e-05,0.03646586835384369,
999,,,1.0707689678847451e-05,0.037048790603876114,
999,,,1.05335271167623e-05,0.04059961065649986,
999,,,1.0360741032459654e-05,0.03690248355269432,
999,,,1.0189333131268375e-05,0.041835054755210876,
999,,,1.0019305104915255e-05,0.03584329038858414,
999,,,9.850658631508215e-06,0.038766372948884964,
999,,,9.683395375519927e-06,0.037870924919843674,
999,,,9.517516987771173e-06,0.03585342690348625,
999,,,9.353025105414651e-06,0.04059029743075371,
999,,,9.189921351918905e-06,0.03481025621294975,
999,,,9.028207337052067e-06,0.03757862001657486,
999,,,8.867884656866214e-06,0.038171496242284775,
999,,,8.708954893681435e-06,0.036973629146814346,
999,,,8.551419616070337e-06,0.03894244506955147,
999,,,8.395280378842566e-06,0.03791315108537674,
999,,,8.24053872302931e-06,0.03792787715792656,
999,,,8.087196175868221e-06,0.03896733745932579,
999,,,7.935254250788381e-06,0.03951505199074745,
999,,,7.784714447395229e-06,0.03888307884335518,
999,,,7.635578251455808e-06,0.03908828645944595,
999,,,7.487847134884243e-06,0.039679545909166336,
999,,,7.3415225557269835e-06,0.037210725247859955,
999,,,7.196605958148535e-06,0.03406960517168045,
999,,,7.053098772417201e-06,0.036455970257520676,
999,,,6.911002414890995e-06,0.03783457726240158,
999,,,6.77031828800357e-06,0.04120498523116112,
999,,,6.631047780250494e-06,0.04046904295682907,
999,,,6.4931922661754295e-06,0.03818795830011368,
999,,,6.356753106356678e-06,0.0395321361720562,
999,,,6.221731647393636e-06,0.03538776561617851,
999,,,6.088129221893596e-06,0.034963641315698624,
999,,,5.955947148458552e-06,0.03764859586954117,
999,,,5.825186731672227e-06,0.03345572203397751,
999,,,5.695849262087138e-06,0.03795540705323219,
999,,,5.567936016211866e-06,0.03777153789997101,
999,,,5.441448256498553e-06,0.03757104650139809,
999,,,5.3163872313303145e-06,0.040496744215488434,
999,,,5.192754175008927e-06,0.041878022253513336,
999,,,5.070550307742792e-06,0.03774445131421089,
999,,,4.949776835634759e-06,0.03602391108870506,
999,,,4.830434950670207e-06,0.03720785677433014,
999,,,4.7125258307053464e-06,0.036847006529569626,
999,,,4.59605063945562e-06,0.03480448201298714,
999,,,4.481010526484138e-06,0.03984624519944191,
999,,,4.367406627190358e-06,0.03561360388994217,
999,,,4.255240062798911e-06,0.03709009662270546,
999,,,4.144511940348523e-06,0.03827931731939316,
999,,,4.035223352681029e-06,0.03887564688920975,
999,,,3.927375378430693e-06,0.03753099590539932,
999,,,3.820969082013421e-06,0.03582817316055298,
999,,,3.7160055136165003e-06,0.0369914174079895,
999,,,3.6124857091879078e-06,0.04165717214345932,
999,,,3.5104106904263192e-06,0.03863860294222832,
999,,,3.409781464770984e-06,0.033974118530750275,
999,,,3.3105990253917475e-06,0.03932824358344078,
999,,,3.2128643511791955e-06,0.04096545651555061,
999,,,3.1165784067351265e-06,0.036484282463788986,
999,,,3.021742142362976e-06,0.03468448668718338,
999,,,2.928356494058359e-06,0.036939654499292374,
999,,,2.8364223834999087e-06,0.04024592787027359,
999,,,2.745940718040185e-06,0.03987997770309448,
999,,,2.656912390696697e-06,0.03671878203749657,
999,,,2.569338280143129e-06,0.03688334673643112,
999,,,2.483219250700546e-06,0.033839814364910126,
999,,,2.3985561523290502e-06,0.040658239275217056,
999,,,2.3153498206192048e-06,0.03724593296647072,
999,,,2.233601076783924e-06,0.03751704469323158,
999,,,2.1533107276502967e-06,0.03819257393479347,
999,,,2.074479565651675e-06,0.03988443687558174,
999,,,1.997108368819798e-06,0.037376463413238525,
999,,,1.921197900777131e-06,0.03815067559480667,
999,,,1.8467489107293547e-06,0.0387747585773468,
999,,,1.773762133457938e-06,0.04073392227292061,
999,,,1.7022382893129106e-06,0.03855780139565468,
999,,,1.6321780842057351e-06,0.04118484631180763,
999,,,1.563582209602363e-06,0.03746221959590912,
999,,,1.4964513425163723e-06,0.04050033167004585,
999,,,1.4307861455023246e-06,0.03825957700610161,
999,,,1.3665872666492022e-06,0.03421908617019653,
999,,,1.3038553395740141e-06,0.039137985557317734,
999,,,1.2425909834155838e-06,0.03843632712960243,
999,,,1.1827948028283376e-06,0.03750508278608322,
999,,,1.1244673879764432e-06,0.03872869908809662,
999,,,1.067609314527964e-06,0.03849196806550026,
999,,,1.0122211436490966e-06,0.037922054529190063,
999,,,9.583034219987425e-07,0.03830263018608093,
999,,,9.058566817230457e-07,0.037517793476581573,
999,,,8.54881440450163e-07,0.03510972484946251,
999,,,8.053782012851521e-07,0.0384669229388237,
999,,,7.573474528049752e-07,0.037441324442625046,
999,,,7.10789669053753e-07,0.03672603517770767,
999,,,6.657053095380016e-07,0.036135509610176086,
999,,,6.22094819222153e-07,0.0368427112698555,
999,,,5.799586285241253e-07,0.03938176855444908,
999,,,5.392971533111422e-07,0.037360209971666336,
999,,,5.001107948955206e-07,0.03776764124631882,
999,,,4.623999400308062e-07,0.03688442334532738,
999,,,4.2616496090791063e-07,0.03663347288966179,
999,,,3.91406215151447e-07,0.03823111578822136,
999,,,3.5812404581621666e-07,0.03677802160382271,
999,,,3.2631878138377813e-07,0.037871431559324265,
999,,,2.959907357592667e-07,0.03544562682509422,
999,,,2.6714020826823e-07,0.04150358960032463,
999,,,2.3976748365374713e-07,0.036625463515520096,
999,,,2.13872832073531e-07,0.040620073676109314,
999,,,1.8945650909738025e-07,0.03767537698149681,
999,,,1.665187557045148e-07,0.038735225796699524,
999,,,1.450597982812943e-07,0.041107092052698135,
999,,,1.2507984861898662e-07,0.03977956622838974,
999,,,1.0657910391161952e-07,0.0371691919863224,
999,,,8.955774675406555e-08,0.03463708236813545,
999,,,7.401594514026015e-08,0.03751419484615326,
999,,,5.995385246151964e-08,0.040767427533864975,
999,,,4.7371607505009116e-08,0.03595748916268349,
999,,,3.6269334452393514e-08,0.034305036067962646,
999,,,2.6647142878655267e-08,0.03895073011517525,
999,,,1.8505127750911877e-08,0.0386943556368351,
999,,,1.184336942758326e-08,0.03977721929550171,
999,,,6.661933657525776e-09,0.03800489753484726,
999,,,2.960871579432705e-09,0.03747449815273285,
999,,,7.402197212680329e-10,0.0390978567302227,
