reward,step_count,lr,eval reward,Return (test),Max step count (test)
9.09321117401123,11,0.0003,9.22901439666748,83.06112670898438,8.0
9.1222505569458,13,0.00029999925978027874,9.3203706741333,428.737060546875,45.0
9.167433738708496,22,0.00029999703912842054,9.303449630737305,390.744873046875,41.0
9.188506126403809,23,0.00029999333806634247,9.337410926818848,831.029541015625,88.0
9.2163667678833,26,0.00029998815663057245,9.309538841247559,549.2628173828125,58.0
9.233084678649902,38,0.00029998149487224914,9.215654373168945,119.80350494384766,12.0
9.242969512939453,48,0.00029997335285712143,9.263616561889648,185.27232360839844,19.0
9.249382972717285,35,0.0002999637306655477,9.276229858398438,408.15411376953125,43.0
9.236374855041504,39,0.000299952628392495,9.310418128967285,2271.7421875,243.0
9.255918502807617,51,0.0002999400461475385,9.24180793762207,304.9796447753906,32.0
9.270386695861816,59,0.0002999259840548598,9.296504974365234,660.0518798828125,70.0
9.27631664276123,66,0.000299910442253246,9.340606689453125,9340.6064453125,999.0
9.275432586669922,50,0.00029989342089608846,9.332756042480469,9332.755859375,999.0
9.280007362365723,47,0.0002998749201513811,9.242795944213867,175.6131134033203,18.0
9.280604362487793,71,0.00029985494020171884,9.301289558410645,1041.744384765625,111.0
9.275246620178223,50,0.00029983348124429566,9.32768440246582,9327.68359375,999.0
9.291141510009766,95,0.0002998105434909028,9.284993171691895,408.5397033691406,43.0
9.281915664672852,56,0.0002997861271679266,9.316035270690918,9316.03515625,999.0
9.291529655456543,81,0.0002997602325163464,9.314640998840332,5197.56982421875,557.0
9.288227081298828,84,0.0002997328597917319,9.322237014770508,9322.236328125,999.0
9.299683570861816,89,0.0002997040092642408,9.301798820495605,1069.7069091796875,114.0
9.289584159851074,89,0.0002996736812186163,9.296886444091797,604.297607421875,64.0
9.28913688659668,86,0.0002996418759541838,9.323685646057129,9323.685546875,999.0
9.301252365112305,79,0.0002996085937848486,9.324544906616211,9324.544921875,999.0
9.291118621826172,62,0.0002995738350390921,9.326141357421875,9326.140625,999.0
9.301481246948242,83,0.0002995376000599692,9.320545196533203,9320.544921875,999.0
9.302688598632812,80,0.00029949988920510446,9.30661392211914,9306.61328125,999.0
9.306392669677734,98,0.0002994607028466888,9.32236385345459,9322.36328125,999.0
9.308600425720215,84,0.00029942004137147586,9.325267791748047,9325.267578125,999.0
9.299948692321777,59,0.0002993779051807778,9.315783500671387,1285.578125,137.0
9.301982879638672,89,0.0002993342946904619,9.293611526489258,817.8377685546875,87.0
9.313689231872559,118,0.0002992892103309462,9.322799682617188,9322.798828125,999.0
9.30234146118164,107,0.00029924265254719496,9.334235191345215,9334.234375,999.0
9.31201457977295,104,0.00029919462179871475,9.33816909790039,9338.1689453125,999.0
9.310510635375977,102,0.0002991451185595498,9.349959373474121,9349.958984375,999.0
9.310473442077637,92,0.0002990941433182769,9.342446327209473,9342.4462890625,999.0
9.311859130859375,117,0.0002990416965780012,9.35669231414795,9356.69140625,999.0
9.308096885681152,80,0.00029898777885635085,9.357272148132324,9357.271484375,999.0
9.306636810302734,86,0.000298932390685472,9.357525825500488,9357.525390625,999.0
9.30252742767334,79,0.00029887553261202354,9.359383583068848,9359.3828125,999.0
9.306680679321289,96,0.00029881720519717164,9.359039306640625,9359.0390625,999.0
9.305930137634277,95,0.0002987574090165844,9.359128952026367,9359.12890625,999.0
9.304215431213379,80,0.00029869614466042593,9.359257698059082,9359.2568359375,999.0
9.313119888305664,88,0.0002986334127333508,9.35918140411377,9359.1806640625,999.0
9.32071590423584,102,0.00029856921385449763,9.358171463012695,9358.1708984375,999.0
9.324295997619629,136,0.0002985035486574836,9.323108673095703,9323.1083984375,999.0
9.30769157409668,98,0.00029843641779039756,9.304352760314941,3535.65380859375,379.0
9.249947547912598,70,0.0002983678219157942,9.323992729187012,9323.9921875,999.0
9.210942268371582,21,0.0002982977617106871,9.320013046264648,9320.0126953125,999.0
9.169830322265625,19,0.00029822623786654207,9.324346542358398,9324.345703125,999.0
9.184385299682617,22,0.00029815325108927063,9.324326515197754,9324.326171875,999.0
9.205195426940918,23,0.00029807880209922283,9.310288429260254,1433.784423828125,153.0
9.191666603088379,23,0.00029800289163118014,9.321592330932617,9321.591796875,999.0
9.209918022155762,31,0.0002979255204343483,9.327731132507324,9327.73046875,999.0
9.219986915588379,32,0.00029784668927234964,9.339913368225098,9339.9130859375,999.0
9.21441650390625,30,0.000297766398923216,9.352896690368652,9352.896484375,999.0
9.21945571899414,25,0.00029768465017938076,9.356346130371094,9356.345703125,999.0
9.227883338928223,25,0.0002976014438476709,9.354695320129395,9354.6953125,999.0
9.230254173278809,41,0.0002975167807492994,9.35905933380127,9359.05859375,999.0
9.228127479553223,32,0.0002974306617198568,9.35882568359375,9358.8251953125,999.0
9.233887672424316,36,0.00029734308760930326,9.327388763427734,9327.388671875,999.0
9.240776062011719,37,0.00029725405928195976,9.323002815246582,9323.001953125,999.0
9.231170654296875,33,0.0002971635776165,9.35846996307373,9358.4697265625,999.0
9.239047050476074,35,0.00029707164350594156,9.359333038330078,9359.3330078125,999.0
9.240049362182617,43,0.0002969782578576369,9.35916805267334,9359.16796875,999.0
9.239947319030762,46,0.00029688342159326476,9.359457015991211,9359.45703125,999.0
9.253568649291992,80,0.0002967871356488207,9.35940170288086,9359.4013671875,999.0
9.242887496948242,52,0.00029668940097460816,9.358336448669434,9358.3359375,999.0
9.24909496307373,56,0.00029659021853522887,9.358688354492188,9358.6875,999.0
9.262602806091309,89,0.00029648958930957357,9.359508514404297,9359.5078125,999.0
9.266745567321777,64,0.000296387514290812,9.359288215637207,9359.2880859375,999.0
9.255376815795898,59,0.0002962839944863834,9.358469009399414,9358.46875,999.0
9.250630378723145,59,0.00029617903091798647,9.350177764892578,9350.177734375,999.0
9.267078399658203,61,0.0002960726246215692,9.35840129852295,9358.400390625,999.0
9.278175354003906,105,0.00029596477664731884,9.359232902526855,9359.232421875,999.0
9.264065742492676,136,0.0002958554880596513,9.356599807739258,9356.599609375,999.0
9.280640602111816,133,0.0002957447599372009,9.357211112976074,9357.2109375,999.0
9.290491104125977,121,0.0002956325933728095,9.358531951904297,9358.53125,999.0
9.284295082092285,144,0.0002955189894735157,9.359160423278809,9359.16015625,999.0
9.289083480834961,161,0.0002954039493605442,9.359016418457031,9359.015625,999.0
9.295297622680664,182,0.00029528747416929447,9.359705924987793,9359.705078125,999.0
9.29910659790039,180,0.0002951695650493296,9.359552383422852,9359.5517578125,999.0
9.298367500305176,281,0.00029505022316436507,9.359257698059082,9359.2568359375,999.0
9.295753479003906,223,0.000294929449692257,9.358922004699707,9358.921875,999.0
9.199309349060059,45,0.0002948072458249909,9.357987403869629,9357.9873046875,999.0
9.181388854980469,38,0.00029468361276866953,9.35899829864502,9358.998046875,999.0
9.193758010864258,43,0.0002945585517435013,9.359646797180176,9359.646484375,999.0
9.20319938659668,31,0.00029443206398378796,9.359825134277344,9359.82421875,999.0
9.204471588134766,34,0.00029430415073791266,9.359071731567383,9359.0712890625,999.0
9.218511581420898,41,0.0002941748132683276,9.358177185058594,9358.1767578125,999.0
9.229881286621094,38,0.00029404405285154126,9.359068870544434,9359.068359375,999.0
9.236128807067871,54,0.00029391187077810625,9.35897445678711,9358.9736328125,999.0
9.2313814163208,60,0.0002937782683526062,9.35888957977295,9358.888671875,999.0
9.24174976348877,51,0.0002936432468936432,9.359354019165039,9359.353515625,999.0
9.254353523254395,58,0.00029350680773382445,9.359773635864258,9359.7734375,999.0
9.257792472839355,65,0.00029336895221974935,9.359302520751953,9359.3017578125,999.0
9.25753402709961,49,0.0002932296817119963,9.359719276428223,9359.71875,999.0
9.281834602355957,92,0.00029308899758510886,9.359736442565918,9359.736328125,999.0
9.275516510009766,80,0.00029294690122758267,9.359541893005371,9359.541015625,999.0
9.279465675354004,118,0.00029280339404185135,9.359825134277344,9359.82421875,999.0
9.29259967803955,118,0.0002926584774442729,,,
9.294865608215332,148,0.0002925121528651156,,,
9.295217514038086,101,0.00029236442174854406,,,
9.298431396484375,131,0.00029221528555260464,,,
9.312004089355469,287,0.00029206474574921144,,,
9.313969612121582,199,0.0002919128038241316,,,
9.29557991027832,122,0.00029175946127697056,,,
9.319289207458496,241,0.0002916047196211573,,,
9.302660942077637,218,0.00029144858038392953,,,
9.316375732421875,230,0.0002912910451063184,,,
9.320770263671875,346,0.0002911321153431337,,,
9.330095291137695,600,0.0002909717926629478,,,
9.324588775634766,872,0.000290810078648081,,,
9.326664924621582,829,0.00029064697489458523,,,
9.31368637084961,318,0.0002904824830122288,,,
9.319427490234375,508,0.00029031660462448003,,,
9.318517684936523,330,0.0002901493413684917,,,
9.313154220581055,280,0.00028998069489508463,,,
9.323163986206055,414,0.0002898106668687315,,,
9.325841903686523,652,0.00028963925896754024,,,
9.31926441192627,932,0.0002894664728832376,,,
9.322786331176758,534,0.0002892923103211525,,,
9.318517684936523,721,0.0002891167730001991,,,
9.294615745544434,214,0.0002889398626528599,,,
9.316057205200195,621,0.0002887615810251686,,,
9.318603515625,999,0.0002885819298766929,,,
9.287053108215332,155,0.0002884009109805171,,,
9.2854585647583,134,0.00028821852612322466,,,
9.29085636138916,180,0.00028803477710488045,,,
9.297431945800781,206,0.0002878496657390131,,,
9.30197525024414,181,0.0002876631938525971,,,
9.24874496459961,47,0.0002874753632860346,,,
9.235116958618164,35,0.00028728617589313755,,,
9.242828369140625,43,0.0002870956335411091,,,
9.259800910949707,88,0.00028690373811052536,,,
9.248039245605469,74,0.00028671049149531675,,,
9.258089065551758,63,0.0002865158956027493,,,
9.25107479095459,67,0.000286319952353406,,,
9.270225524902344,91,0.00028612266368116746,,,
9.276142120361328,121,0.00028592403153319344,,,
9.279378890991211,103,0.0002857240578699029,,,
9.288385391235352,145,0.0002855227446649552,,,
9.280123710632324,174,0.00028532009390523037,,,
9.279637336730957,119,0.00028511610759080966,,,
9.289889335632324,163,0.00028491078773495564,,,
9.30420970916748,326,0.0002847041363640923,,,
9.302871704101562,261,0.0002844961555177854,,,
9.315775871276855,722,0.0002842868472487218,,,
9.320999145507812,727,0.0002840762136226896,,,
9.298852920532227,807,0.00028386425671855775,,,
9.315311431884766,528,0.00028365097862825524,,,
9.307883262634277,319,0.00028343638145675076,,,
9.313695907592773,474,0.0002832204673220317,,,
9.306319236755371,542,0.00028300323835508354,,,
9.304978370666504,396,0.0002827846966998683,,,
9.320826530456543,685,0.0002825648445133041,,,
9.321537971496582,999,0.00028234368396524306,,,
9.240934371948242,439,0.0002821212172384506,,,
9.237213134765625,71,0.0002818974465285835,,,
9.239648818969727,74,0.00028167237404416837,,,
9.254834175109863,105,0.0002814460020065796,,,
9.259312629699707,109,0.000281218332650018,,,
9.262338638305664,167,0.0002809893682214881,,,
9.27514362335205,130,0.00028075911098077643,,,
9.279916763305664,190,0.0002805275632004289,,,
9.276545524597168,237,0.0002802947271657288,,,
9.285675048828125,251,0.00028006060517467356,,,
9.297627449035645,430,0.0002798251995379529,,,
9.30369758605957,960,0.0002795885125789253,,,
9.301351547241211,319,0.00027935054663359563,,,
9.291759490966797,386,0.0002791113040505916,,,
9.309266090393066,440,0.0002788707871911409,,,
9.298048973083496,232,0.0002786289984290479,,,
9.301239013671875,423,0.00027838594015067,,,
9.306602478027344,667,0.0002781416147548943,,,
9.260137557983398,318,0.0002778960246531139,,,
9.290231704711914,149,0.0002776491722692038,,,
9.2841215133667,279,0.0002774010600394975,,,
9.285908699035645,210,0.0002771516904127625,,,
9.292057037353516,423,0.00027690106585017636,,,
9.28406810760498,237,0.0002766491888253023,,,
9.297972679138184,374,0.0002763960618240649,,,
9.294658660888672,220,0.00027614168734472545,,,
9.308625221252441,669,0.0002758860678978573,,,
9.302032470703125,411,0.0002756292060063214,,,
9.281213760375977,129,0.00027537110420524063,,,
9.291463851928711,237,0.00027511176504197576,,,
9.300121307373047,435,0.0002748511910760996,,,
9.296684265136719,304,0.000274589384879372,,,
9.306248664855957,981,0.00027432634903571437,,,
9.311668395996094,534,0.00027406208614118435,,,
9.311577796936035,660,0.00027379659880395003,,,
9.310017585754395,370,0.0002735298896442642,,,
9.309617042541504,489,0.00027326196129443865,,,
9.313627243041992,353,0.000272992816398818,,,
9.32129192352295,706,0.0002727224576137537,,,
9.282852172851562,789,0.00027245088760757775,,,
9.289087295532227,121,0.0002721781090605766,,,
9.28604793548584,88,0.00027190412466496423,,,
9.285979270935059,132,0.00027162893712485617,,,
9.292133331298828,158,0.0002713525491562423,,,
9.29513168334961,154,0.0002710749634869602,,,
9.302289962768555,179,0.00027079618285666846,,,
9.303051948547363,267,0.00027051621001681936,,,
9.306446075439453,178,0.0002702350477306317,,,
9.321883201599121,582,0.00026995269877306383,,,
9.328489303588867,999,0.00026966916593078587,,,
9.249818801879883,563,0.0002693844520021526,,,
9.259842872619629,58,0.0002690985597971755,,,
9.269336700439453,66,0.00026881149213749535,,,
9.284876823425293,97,0.0002685232518563538,,,
9.281322479248047,189,0.00026823384179856623,,,
9.285505294799805,135,0.00026794326482049304,,,
9.301194190979004,168,0.00026765152379001173,,,
9.305170059204102,293,0.00026735862158648843,,,
9.305058479309082,248,0.0002670645611007497,,,
9.304862022399902,289,0.0002667693452350538,,,
9.314910888671875,441,0.00026647297690306204,,,
9.319003105163574,461,0.00026617545902981037,,,
9.324967384338379,999,0.00026587679455167994,,,
9.314605712890625,999,0.0002655769864163686,,,
9.308313369750977,329,0.00026527603758286174,,,
9.321916580200195,545,0.00026497395102140274,,,
9.325454711914062,999,0.000264670729713464,,,
9.292139053344727,568,0.00026436637665171745,,,
9.30179214477539,352,0.0002640608948400049,,,
9.287729263305664,224,0.0002637542872933086,,,
9.319892883300781,927,0.0002634465570377211,,,
9.30737590789795,999,0.0002631377071104159,,,
9.321297645568848,735,0.000262827740559617,,,
9.320533752441406,999,0.0002625166604445692,,,
9.318656921386719,613,0.0002622044698355076,,,
9.316850662231445,660,0.0002618911718136276,,,
9.315423965454102,999,0.00026157676947105406,,,
9.313318252563477,719,0.0002612612659108112,,,
9.326892852783203,817,0.0002609446642467918,,,
9.306894302368164,570,0.00026062696760372644,,,
9.321959495544434,999,0.00026030817911715275,,,
9.314642906188965,890,0.0002599883019333844,,,
9.302656173706055,942,0.00025966733920948,,,
9.31099796295166,477,0.0002593452941132121,,,
9.316231727600098,712,0.0002590221698230358,,,
9.312158584594727,429,0.0002586979695280574,,,
9.31537914276123,514,0.00025837269642800287,,,
9.322088241577148,999,0.0002580463537331864,,,
9.271280288696289,240,0.00025771894466447874,,,
9.290454864501953,228,0.0002573904724532751,,,
9.303147315979004,291,0.00025706094034146364,,,
9.285808563232422,233,0.0002567303515813933,,,
9.298460960388184,524,0.0002563987094358415,,,
9.309771537780762,999,0.00025606601717798256,,,
9.310541152954102,631,0.00025573227809135463,,,
9.298707008361816,411,0.0002553974954698278,,,
9.3073148727417,393,0.00025506167261757134,,,
9.308375358581543,653,0.00025472481284902134,,,
9.318482398986816,790,0.00025438691948884753,,,
9.315582275390625,999,0.00025404799587192114,,,
9.28742790222168,390,0.0002537080453432814,,,
9.28011417388916,220,0.0002533670712581027,,,
9.28953742980957,438,0.0002530250769816617,,,
9.301414489746094,579,0.0002526820658893038,,,
9.298441886901855,472,0.00025233804136641,,,
9.305939674377441,449,0.0002519930068083634,,,
9.290303230285645,563,0.0002516469656205159,,,
9.300722122192383,713,0.0002512999212181542,,,
9.297694206237793,267,0.00025095187702646655,,,
9.297966003417969,773,0.00025060283648050855,,,
9.307275772094727,541,0.0002502528030251695,,,
9.30479907989502,603,0.0002499017801151383,,,
9.29663372039795,393,0.00024954977121486937,,,
9.30094051361084,355,0.00024919677979854836,,,
9.320916175842285,535,0.00024884280935005815,,,
9.324529647827148,999,0.00024848786336294405,,,
9.319758415222168,724,0.0002481319453403797,,,
9.323143005371094,566,0.0002477750587951324,,,
9.325053215026855,999,0.00024741720724952813,,,
9.286091804504395,574,0.00024705839423541724,,,
9.28600025177002,173,0.0002466986232941393,,,
9.30344009399414,322,0.00024633789797648826,,,
9.304981231689453,227,0.0002459762218426774,,,
9.31502628326416,593,0.00024561359846230407,,,
9.316373825073242,829,0.00024525003141431475,,,
9.314404487609863,934,0.00024488552428696933,,,
9.3052339553833,842,0.000244520080677806,,,
9.314927101135254,999,0.0002441537041936057,,,
9.300559997558594,258,0.00024378639845035644,,,
9.300192832946777,425,0.00024341816707321753,,,
9.292983055114746,666,0.00024304901369648406,,,
9.313502311706543,999,0.00024267894196355078,,,
9.307292938232422,881,0.00024230795552687636,,,
9.31248664855957,557,0.00024193605804794711,,,
9.313032150268555,386,0.00024156325319724098,,,
9.318714141845703,999,0.00024118954465419146,,,
9.315604209899902,619,0.00024081493610715084,,,
9.306347846984863,653,0.00024043943125335435,,,
9.312294960021973,466,0.00024006303379888323,,,
9.295804977416992,549,0.00023968574745862847,,,
9.312363624572754,649,0.00023930757595625385,,,
9.318639755249023,999,0.00023892852302415953,,,
9.307121276855469,613,0.00023854859240344481,,,
9.319965362548828,999,0.0002381677878438716,,,
9.262801170349121,84,0.00023778611310382714,,,
9.275290489196777,230,0.00023740357195028703,,,
9.296217918395996,177,0.00023702016815877803,,,
9.298805236816406,363,0.00023663590551334076,,,
9.306923866271973,462,0.00023625078780649243,,,
9.301304817199707,616,0.00023586481883918923,,,
9.304122924804688,602,0.0002354780024207892,,,
9.304133415222168,719,0.0002350903423690141,,,
9.301457405090332,326,0.00023470184250991218,,,
9.291376113891602,390,0.0002343125066778202,,,
9.312246322631836,575,0.00023392233871532566,,,
9.308576583862305,721,0.00023353134247322882,,,
9.311878204345703,498,0.00023313952181050474,,,
9.302413940429688,316,0.0002327468805942652,,,
9.309378623962402,306,0.0002323534226997204,,,
9.312885284423828,705,0.00023195915201014097,,,
9.32218074798584,999,0.00023156407241681947,,,
9.32363224029541,999,0.00023116818781903197,,,
9.318836212158203,948,0.0002307715021239996,,,
9.310291290283203,526,0.00023037401924685009,,,
9.3129301071167,573,0.0002299757431105789,,,
9.322932243347168,818,0.0002295766776460107,,,
9.320222854614258,999,0.00022917682679176056,,,
9.3272066116333,999,0.00022877619449419495,,,
9.320418357849121,506,0.00022837478470739292,,,
9.33051872253418,999,0.000227972601393107,,,
9.321619987487793,999,0.00022756964852072419,,,
9.320276260375977,375,0.00022716593006722661,,,
9.333406448364258,867,0.00022676145001715236,,,
9.324930191040039,779,0.0002263562123625563,,,
9.327656745910645,915,0.00022595022110297048,,,
9.322220802307129,417,0.0002255434802453647,,,
9.325359344482422,509,0.0002251359938041071,,,
9.325758934020996,557,0.00022472776580092423,,,
9.33034610748291,999,0.00022431880026486175,,,
9.334535598754883,999,0.00022390910123224435,,,
9.3326416015625,999,0.00022349867274663613,,,
9.333850860595703,999,0.00022308751885880045,,,
9.336583137512207,999,0.0002226756436266603,,,
9.334497451782227,744,0.00022226305111525786,,,
9.340461730957031,998,0.00022184974539671474,,,
9.341120719909668,999,0.00022143573055019146,,,
9.320969581604004,674,0.00022102101066184742,,,
9.317853927612305,286,0.00022060558982480048,,,
9.329015731811523,466,0.00022018947213908662,,,
9.341988563537598,999,0.00021977266171161933,,,
9.330631256103516,970,0.0002193551626561493,,,
9.320648193359375,999,0.00021893697909322377,,,
9.333805084228516,808,0.00021851811515014548,,,
9.312461853027344,999,0.00021809857496093258,,,
9.330049514770508,967,0.00021767836266627734,,,
9.336099624633789,999,0.00021725748241350546,,,
9.333048820495605,999,0.00021683593835653502,,,
9.33607006072998,999,0.00021641373465583583,,,
9.338775634765625,999,0.0002159908754783879,,,
9.341181755065918,999,0.00021556736499764054,,,
9.340662956237793,999,0.00021514320739347132,,,
9.346295356750488,999,0.00021471840685214448,,,
9.330981254577637,639,0.00021429296756626988,,,
9.337997436523438,596,0.00021386689373476152,,,
9.34121036529541,529,0.00021344018956279614,,,
9.338984489440918,771,0.00021301285926177154,,,
9.34322738647461,969,0.0002125849070492654,,,
9.332124710083008,999,0.00021215633714899326,,,
9.323330879211426,877,0.0002117271537907669,,,
9.331414222717285,495,0.00021129736121045298,,,
9.343441009521484,999,0.0002108669636499306,,,
9.334019660949707,750,0.00021043596535705,,,
9.349903106689453,999,0.00021000437058559028,,,
9.346546173095703,999,0.0002095721835952177,,,
9.328133583068848,330,0.0002091394086514432,,,
9.340967178344727,605,0.00020870605002558094,,,
9.35204029083252,999,0.00020827211199470552,,,
9.354205131530762,999,0.00020783759884161006,,,
9.347750663757324,999,0.00020740251485476408,,,
9.352355003356934,999,0.0002069668643282708,,,
9.34391975402832,999,0.00020653065156182502,,,
9.357199668884277,999,0.00020609388086067064,,,
9.324525833129883,312,0.00020565655653555828,,,
9.33668327331543,657,0.00020521868290270228,,,
9.355371475219727,998,0.00020478026428373877,,,
9.347552299499512,999,0.00020434130500568244,,,
9.356449127197266,999,0.0002039018094008842,,,
9.321922302246094,999,0.00020346178180698818,,,
9.330018043518066,408,0.00020302122656688917,,,
9.339910507202148,999,0.00020258014802868943,,,
9.354000091552734,999,0.0002021385505456561,,,
9.353865623474121,999,0.00020169643847617815,,,
9.352328300476074,999,0.00020125381618372307,,,
9.342970848083496,999,0.0002008106880367943,,,
9.3488130569458,998,0.00020036705840888766,,,
9.344385147094727,999,0.00019992293167844856,,,
9.338024139404297,934,0.00019947831222882846,,,
9.347363471984863,999,0.00019903320444824196,,,
9.327258110046387,163,0.00019858761272972296,,,
9.345766067504883,416,0.00019814154147108193,,,
9.347476959228516,657,0.0001976949950748622,,,
9.353276252746582,999,0.00019724797794829624,,,
9.351984024047852,999,0.0001968004945032628,,,
9.354022026062012,999,0.00019635254915624265,,,
9.349592208862305,926,0.00019590414632827567,,,
9.352118492126465,999,0.00019545529044491666,,,
9.343539237976074,534,0.000195005985936192,,,
9.353565216064453,942,0.00019455623723655576,,,
9.350757598876953,999,0.00019410604878484613,,,
9.34761905670166,999,0.00019365542502424132,,,
9.347469329833984,999,0.00019320437040221589,,,
9.340721130371094,999,0.00019275288937049695,,,
9.344470977783203,999,0.00019230098638501995,,,
9.347963333129883,999,0.00019184866590588495,,,
9.34505844116211,774,0.00019139593239731243,,,
9.344674110412598,999,0.00019094279032759936,,,
9.352810859680176,999,0.00019048924416907497,,,
9.348695755004883,999,0.00019003529839805688,,,
9.3441801071167,833,0.0001895809574948065,,,
9.34411334991455,999,0.00018912622594348505,,,
9.350923538208008,999,0.00018867110823210954,,,
9.349153518676758,999,0.0001882156088525079,,,
9.348340034484863,999,0.0001877597323002751,,,
9.335734367370605,430,0.00018730348307472873,,,
9.34294605255127,385,0.0001868468656788645,,,
9.338701248168945,999,0.00018638988461931163,,,
9.335668563842773,541,0.00018593254440628883,,,
9.351838111877441,583,0.00018547484955355926,,,
9.354347229003906,999,0.00018501680457838637,,,
9.3505859375,723,0.00018455841400148913,,,
9.353264808654785,999,0.0001840996823469975,,,
9.34835433959961,863,0.00018364061414240772,,,
9.346909523010254,999,0.0001831812139185376,,,
9.356430053710938,999,0.00018272148620948194,,,
9.353466987609863,998,0.00018226143555256753,,,
9.357425689697266,999,0.00018180106648830874,,,
9.357582092285156,999,0.00018134038356036226,,,
9.355814933776855,999,0.00018087939131548273,,,
9.351120948791504,999,0.0001804180943034774,,,
9.355395317077637,999,0.0001799564970771616,,,
9.354621887207031,999,0.00017949460419231352,,,
9.357067108154297,999,0.00017903242020762957,,,
9.356047630310059,999,0.00017856994968467905,,,
9.349381446838379,999,0.00017810719718785922,,,
9.357133865356445,998,0.00017764416728435054,,,
9.355729103088379,999,0.0001771808645440711,,,
9.223149299621582,999,0.000176717293539632,,,
9.223830223083496,96,0.00017625345884629193,,,
9.23037338256836,72,0.00017578936504191196,,,
9.264616966247559,86,0.0001753250167069106,,,
9.274250030517578,93,0.00017486041842421847,,,
9.279593467712402,184,0.00017439557477923304,,,
9.297983169555664,227,0.0001739304903597734,,,
9.297836303710938,318,0.00017346516975603514,,,
9.289295196533203,324,0.00017299961756054457,,,
9.313331604003906,909,0.00017253383836811405,,,
9.306761741638184,446,0.00017206783677579606,,,
9.325285911560059,999,0.0001716016173828383,,,
9.297144889831543,272,0.00017113518479063786,,,
9.302486419677734,344,0.0001706685436026962,,,
9.291097640991211,374,0.00017020169842457336,,,
9.304195404052734,697,0.00016973465386384284,,,
9.315054893493652,682,0.0001692674145300459,,,
9.308037757873535,563,0.0001687999850346461,,,
9.30704116821289,543,0.00016833236999098388,,,
9.309785842895508,955,0.00016786457401423094,,,
9.320764541625977,999,0.0001673966017213447,,,
9.315645217895508,524,0.0001669284577310227,,,
9.316837310791016,779,0.00016646014666365727,,,
9.323003768920898,999,0.00016599167314128944,,,
9.319196701049805,999,0.00016552304178756385,,,
9.303975105285645,999,0.00016505425722768269,,,
9.318224906921387,503,0.0001645853240883604,,,
9.317561149597168,999,0.0001641162469977776,,,
9.32406234741211,998,0.00016364703058553595,,,
9.325521469116211,999,0.00016317767948261197,,,
9.32499885559082,999,0.00016270819832131146,,,
9.27193832397461,999,0.00016223859173522412,,,
9.288738250732422,302,0.0001617688643591772,,,
9.294047355651855,255,0.00016129902082919037,,,
9.301919937133789,479,0.00016082906578242955,,,
9.312057495117188,363,0.00016035900385716136,,,
9.305432319641113,491,0.00015988883969270712,,,
9.3151216506958,786,0.00015941857792939746,,,
9.320002555847168,460,0.00015894822320852608,,,
9.310351371765137,538,0.00015847778017230411,,,
9.314361572265625,499,0.00015800725346381452,,,
9.326761245727539,999,0.00015753664772696587,,,
9.326972961425781,999,0.0001570659676064468,,,
9.324374198913574,681,0.00015659521774768014,,,
9.326641082763672,887,0.00015612440279677694,,,
9.32054615020752,999,0.00015565352740049058,,,
9.322516441345215,999,0.00015518259620617129,,,
9.317961692810059,599,0.00015471161386171965,,,
9.31682300567627,831,0.0001542405850155414,,,
9.31999397277832,999,0.00015376951431650106,,,
9.320862770080566,999,0.0001532984064138762,,,
9.323474884033203,695,0.00015282726595731167,,,
9.325149536132812,999,0.00015235609759677355,,,
9.324440002441406,999,0.00015188490598250334,,,
9.326594352722168,999,0.00015141369576497204,,,
9.327136993408203,999,0.0001509424715948343,,,
9.328293800354004,999,0.00015047123812288236,,,
9.328482627868652,999,0.00015000000000000042,,,
9.326622009277344,998,0.00014952876187711848,,,
9.327750205993652,999,0.00014905752840516657,,,
9.327377319335938,999,0.0001485863042350288,,,
9.329930305480957,999,0.0001481150940174975,,,
9.331372261047363,999,0.00014764390240322732,,,
9.331586837768555,999,0.00014717273404268915,,,
9.333413124084473,999,0.00014670159358612462,,,
9.333849906921387,999,0.00014623048568349978,,,
9.33552360534668,999,0.00014575941498445942,,,
9.337776184082031,999,0.00014528838613828116,,,
9.307165145874023,999,0.0001448174037938296,,,
9.313170433044434,330,0.00014434647259951023,,,
9.325191497802734,769,0.00014387559720322393,,,
9.325586318969727,999,0.00014340478225232072,,,
9.320062637329102,807,0.000142934032393554,,,
9.313724517822266,883,0.00014246335227303502,,,
9.314495086669922,349,0.00014199274653618638,,,
9.321500778198242,537,0.00014152221982769675,,,
9.320450782775879,772,0.00014105177679147481,,,
9.32197380065918,568,0.00014058142207060343,,,
9.323991775512695,534,0.00014011116030729373,,,
9.329190254211426,757,0.00013964099614283956,,,
9.327743530273438,999,0.00013917093421757134,,,
9.328816413879395,999,0.0001387009791708105,,,
9.322541236877441,807,0.00013823113564082369,,,
9.326399803161621,870,0.00013776140826477677,,,
9.324597358703613,999,0.00013729180167868939,,,
9.330856323242188,999,0.00013682232051738893,,,
9.335456848144531,999,0.00013635296941446492,,,
9.331605911254883,999,0.00013588375300222324,,,
9.33017635345459,859,0.0001354146759116405,,,
9.335955619812012,999,0.00013494574277231816,,,
9.33207893371582,802,0.00013447695821243701,,,
9.33427906036377,999,0.0001340083268587114,,,
9.337779998779297,999,0.0001335398533363436,,,
9.337769508361816,999,0.00013307154226897813,,,
9.336922645568848,999,0.00013260339827865617,,,
9.338268280029297,999,0.00013213542598576993,,,
9.338029861450195,999,0.00013166763000901693,,,
9.344097137451172,999,0.00013120001496535474,,,
9.327619552612305,534,0.00013073258546995495,,,
9.33993148803711,999,0.000130265346136158,,,
9.345091819763184,999,0.00012979830157542748,,,
9.339658737182617,999,0.00012933145639730466,,,
9.34363842010498,698,0.00012886481520936298,,,
9.345934867858887,999,0.00012839838261716253,,,
9.345963478088379,999,0.00012793216322420478,,,
9.348529815673828,999,0.0001274661616318868,,,
9.351268768310547,999,0.0001270003824394563,,,
9.352609634399414,999,0.00012653483024396576,,,
9.352375984191895,998,0.00012606950964022743,,,
9.353410720825195,999,0.00012560442522076783,,,
9.353062629699707,999,0.00012513958157578243,,,
9.351263999938965,999,0.00012467498329309028,,,
9.355256080627441,999,0.0001242106349580889,,,
9.356424331665039,999,0.00012374654115370897,,,
9.356776237487793,999,0.0001232827064603688,,,
9.357662200927734,999,0.00012281913545592976,,,
9.357047080993652,999,0.00012235583271565036,,,
9.35178279876709,999,0.00012189280281214165,,,
9.357848167419434,998,0.00012143005031532186,,,
9.358033180236816,999,0.00012096757979237134,,,
9.354440689086914,999,0.00012050539580768732,,,
9.356073379516602,999,0.00012004350292283931,,,
9.35544204711914,999,0.00011958190569652348,,,
9.35468578338623,999,0.00011912060868451812,,,
9.355317115783691,999,0.0001186596164396386,,,
9.350387573242188,999,0.00011819893351169215,,,
9.35181713104248,999,0.00011773856444743334,,,
9.352461814880371,999,0.00011727851379051896,,,
9.353487014770508,965,0.0001168187860814633,,,
9.3380765914917,999,0.00011635938585759314,,,
9.351015090942383,907,0.00011590031765300339,,,
9.354126930236816,999,0.00011544158599851175,,,
9.351722717285156,652,0.00011498319542161453,,,
9.357216835021973,999,0.00011452515044644162,,,
9.357491493225098,999,0.00011406745559371205,,,
9.358407020568848,999,0.0001136101153806892,,,
9.358108520507812,999,0.00011315313432113637,,,
9.358634948730469,999,0.00011269651692527212,,,
9.358830451965332,998,0.00011224026769972573,,,
9.35872745513916,999,0.00011178439114749302,,,
9.358465194702148,999,0.00011132889176789134,,,
9.358410835266113,999,0.00011087377405651578,,,
9.353339195251465,999,0.00011041904250519438,,,
9.358172416687012,999,0.000109964701601944,,,
9.355730056762695,999,0.00010951075583092586,,,
9.358247756958008,999,0.00010905720967240151,,,
9.356696128845215,999,0.00010860406760268848,,,
9.34376049041748,999,0.0001081513340941159,,,
9.344265937805176,712,0.00010769901361498091,,,
9.356029510498047,999,0.00010724711062950389,,,
9.35604190826416,999,0.00010679562959778494,,,
9.355887413024902,999,0.00010634457497575953,,,
9.356616973876953,999,0.00010589395121515474,,,
9.357604026794434,999,0.00010544376276344506,,,
9.343990325927734,999,0.00010499401406380888,,,
9.325668334960938,648,0.00010454470955508421,,,
9.351713180541992,999,0.00010409585367172516,,,
9.350054740905762,999,0.00010364745084375819,,,
9.34431266784668,804,0.00010319950549673808,,,
9.355953216552734,999,0.00010275202205170457,,,
9.334709167480469,999,0.00010230500492513864,,,
9.352288246154785,999,0.00010185845852891888,,,
9.31413459777832,722,0.00010141238727027787,,,
9.333708763122559,999,0.00010096679555175893,,,
9.340002059936523,597,0.00010052168777117237,,,
9.341451644897461,999,0.00010007706832155231,,,
9.354299545288086,999,9.96329415911132e-05,,,
9.341858863830566,999,9.918931196320658e-05,,,
9.334203720092773,998,9.874618381627778e-05,,,
9.34104061126709,999,9.830356152382272e-05,,,
9.350043296813965,999,9.786144945434474e-05,,,
9.34937572479248,999,9.741985197131142e-05,,,
9.353140830993652,999,9.697877343311174e-05,,,
9.351580619812012,999,9.653821819301269e-05,,,
9.35262393951416,999,9.60981905991167e-05,,,
9.354687690734863,999,9.565869499431844e-05,,,
9.35811996459961,999,9.521973571626212e-05,,,
9.357231140136719,999,9.478131709729859e-05,,,
9.357809066772461,999,9.43434434644426e-05,,,
9.357525825500488,999,9.390611913933022e-05,,,
9.355918884277344,999,9.346934843817584e-05,,,
9.358133316040039,999,9.30331356717301e-05,,,
9.35554027557373,999,9.259748514523679e-05,,,
9.357732772827148,999,9.216240115839078e-05,,,
9.355461120605469,999,9.172788800529535e-05,,,
9.35567569732666,999,9.129394997441992e-05,,,
9.355414390563965,999,9.08605913485576e-05,,,
9.358882904052734,999,9.042781640478314e-05,,,
9.357508659362793,999,8.999562941441056e-05,,,
9.356575965881348,999,8.956403464295085e-05,,,
9.359116554260254,999,8.913303635007027e-05,,,
9.358036041259766,999,8.87026387895479e-05,,,
9.357787132263184,999,8.827284620923392e-05,,,
9.359283447265625,999,8.784366285100762e-05,,,
9.357648849487305,999,8.741509295073548e-05,,,
9.356867790222168,999,8.69871407382293e-05,,,
9.356040954589844,999,8.655981043720477e-05,,,
9.35803508758545,999,8.613310626523933e-05,,,
9.357498168945312,999,8.570703243373099e-05,,,
9.359147071838379,999,8.528159314785643e-05,,,
9.358592987060547,999,8.485679260652954e-05,,,
9.358195304870605,999,8.443263500236033e-05,,,
9.35726547241211,999,8.400912452161294e-05,,,
9.357980728149414,999,8.358626534416503e-05,,,
9.359101295471191,999,8.316406164346578e-05,,,
9.358874320983887,999,8.274251758649542e-05,,,
9.359084129333496,999,8.232163733372345e-05,,,
9.359282493591309,999,8.19014250390682e-05,,,
9.358363151550293,999,8.148188484985534e-05,,,
9.359256744384766,999,8.106302090677705e-05,,,
9.356061935424805,999,8.064483734385141e-05,,,
9.359345436096191,999,8.022733828838145e-05,,,
9.359108924865723,999,7.981052786091422e-05,,,
9.358722686767578,999,7.939441017520037e-05,,,
9.359089851379395,999,7.897898933815338e-05,,,
9.3590087890625,999,7.856426944980931e-05,,,
9.359272003173828,999,7.815025460328605e-05,,,
9.359033584594727,999,7.773694888474294e-05,,,
9.35925006866455,998,7.73243563733405e-05,,,
9.356689453125,999,7.691248114120038e-05,,,
9.359270095825195,999,7.650132725336477e-05,,,
9.359315872192383,999,7.609089876775644e-05,,,
9.359024047851562,999,7.568119973513907e-05,,,
9.3594331741333,999,7.527223419907659e-05,,,
9.359464645385742,999,7.486400619589377e-05,,,
9.357940673828125,999,7.445651975463609e-05,,,
9.359023094177246,999,7.404977889703036e-05,,,
9.357303619384766,999,7.364378763744451e-05,,,
9.357662200927734,998,7.323854998284848e-05,,,
9.356453895568848,999,7.283406993277423e-05,,,
9.358480453491211,999,7.243035147927663e-05,,,
9.358416557312012,999,7.202739860689381e-05,,,
9.358845710754395,999,7.162521529260787e-05,,,
9.359040260314941,999,7.122380550580582e-05,,,
9.358780860900879,999,7.082317320824024e-05,,,
9.359333992004395,999,7.042332235399013e-05,,,
9.359342575073242,999,7.00242568894219e-05,,,
9.359262466430664,999,6.962598075315073e-05,,,
9.359100341796875,999,6.92284978760012e-05,,,
9.359246253967285,999,6.883181218096882e-05,,,
9.359420776367188,999,6.843592758318129e-05,,,
9.35942268371582,999,6.804084798985983e-05,,,
9.359444618225098,999,6.764657730028044e-05,,,
9.359436988830566,999,6.725311940573564e-05,,,
9.359482765197754,999,6.686047818949608e-05,,,
9.3593111038208,999,6.646865752677195e-05,,,
9.359339714050293,999,6.607766128467513e-05,,,
9.359356880187988,999,6.568749332218056e-05,,,
9.359137535095215,999,6.529815749008862e-05,,,
9.359465599060059,999,6.490965763098672e-05,,,
9.359349250793457,999,6.452199757921166e-05,,,
9.359424591064453,999,6.413518116081151e-05,,,
9.35830307006836,999,6.374921219350837e-05,,,
9.359007835388184,999,6.336409448666004e-05,,,
9.357227325439453,999,6.297983184122274e-05,,,
9.358834266662598,999,6.259642804971377e-05,,,
9.353529930114746,999,6.221388689617368e-05,,,
9.359062194824219,999,6.18322121561292e-05,,,
9.359294891357422,998,6.145140759655595e-05,,,
9.359227180480957,999,6.107147697584127e-05,,,
9.359487533569336,999,6.069242404374694e-05,,,
9.35910701751709,999,6.031425254137238e-05,,,
9.359065055847168,999,5.993696620111757e-05,,,
9.358931541442871,999,5.956056874664644e-05,,,
9.359518051147461,999,5.918506389284996e-05,,,
9.358854293823242,999,5.881045534580933e-05,,,
9.359241485595703,999,5.8436746802759784e-05,,,
9.355951309204102,999,5.8063941952053707e-05,,,
9.357486724853516,998,5.7692044473124486e-05,,,
9.356579780578613,999,5.732105803644996e-05,,,
9.339344024658203,999,5.6950986303516746e-05,,,
9.3507719039917,999,5.6581832926783297e-05,,,
9.357316017150879,999,5.6213601549644365e-05,,,
9.3490629196167,999,5.584629580639509e-05,,,
9.358854293823242,999,5.547991932219481e-05,,,
9.354357719421387,999,5.511447571303148e-05,,,
9.359369277954102,999,5.474996858568603e-05,,,
9.342387199401855,749,5.4386401537696685e-05,,,
9.33775806427002,414,5.402377815732341e-05,,,
9.333441734313965,815,5.366210202351253e-05,,,
9.34719181060791,925,5.330137670586146e-05,,,
9.34193229675293,999,5.2941605764583473e-05,,,
9.347504615783691,999,5.2582792750472606e-05,,,
9.336725234985352,654,5.22249412048683e-05,,,
9.358101844787598,999,5.1868054659620985e-05,,,
9.357855796813965,999,5.151213663705669e-05,,,
9.35891056060791,999,5.1157190649942636e-05,,,
9.35845947265625,999,5.080322020145232e-05,,,
9.358172416687012,998,5.0450228785131336e-05,,,
9.354580879211426,999,5.009821988486239e-05,,,
9.358750343322754,999,4.97471969748312e-05,,,
9.35948657989502,999,4.939716351949212e-05,,,
9.358328819274902,999,4.9048122973534156e-05,,,
9.355069160461426,999,4.870007878184645e-05,,,
9.359078407287598,999,4.8353034379484756e-05,,,
9.358442306518555,999,4.800699319163724e-05,,,
9.359344482421875,999,4.766195863359067e-05,,,
9.359197616577148,999,4.731793411069687e-05,,,
9.358962059020996,999,4.69749230183389e-05,,,
9.357236862182617,999,4.663292874189783e-05,,,
9.35753345489502,999,4.629195465671916e-05,,,
9.35758113861084,999,4.595200412807939e-05,,,
9.357906341552734,999,4.5613080511152966e-05,,,
9.357525825500488,999,4.527518715097923e-05,,,
9.356739044189453,999,4.493832738242919e-05,,,
9.357630729675293,999,4.46025045301727e-05,,,
9.3583984375,999,4.426772190864589e-05,,,
9.355094909667969,999,4.3933982822017985e-05,,,
9.357887268066406,998,4.360129056415905e-05,,,
9.358335494995117,999,4.3269648418607295e-05,,,
9.357877731323242,999,4.293905965853692e-05,,,
9.359268188476562,999,4.260952754672541e-05,,,
9.357266426086426,999,4.2281055335521786e-05,,,
9.357834815979004,999,4.1953646266814054e-05,,,
9.358085632324219,999,4.1627303571997624e-05,,,
9.358244895935059,999,4.130203047194312e-05,,,
9.356988906860352,999,4.097783017696468e-05,,,
9.357267379760742,999,4.0654705886788346e-05,,,
9.35861587524414,999,4.033266079052048e-05,,,
9.358787536621094,999,4.001169806661612e-05,,,
9.358833312988281,999,3.969182088284771e-05,,,
9.357598304748535,999,3.937303239627402e-05,,,
9.358284950256348,999,3.9055335753208674e-05,,,
9.358515739440918,999,3.8738734089189224e-05,,,
9.358088493347168,999,3.842323052894632e-05,,,
9.358657836914062,999,3.8108828186372775e-05,,,
9.358394622802734,999,3.7795530164492744e-05,,,
9.358588218688965,999,3.748333955543115e-05,,,
9.358306884765625,999,3.71722594403834e-05,,,
9.3576021194458,999,3.686229288958451e-05,,,
9.358327865600586,999,3.655344296227932e-05,,,
9.358487129211426,999,3.62457127066918e-05,,,
9.357501983642578,999,3.593910515999544e-05,,,
9.358366012573242,999,3.5633623348282926e-05,,,
9.358789443969727,999,3.532927028653638e-05,,,
9.358863830566406,999,3.5026048978597585e-05,,,
9.358527183532715,999,3.4723962417138584e-05,,,
9.358736991882324,999,3.44230135836317e-05,,,
9.358635902404785,999,3.41232054483204e-05,,,
9.35908317565918,999,3.382454097019001e-05,,,
9.358583450317383,999,3.3527023096938315e-05,,,
9.358749389648438,999,3.3230654764946565e-05,,,
9.359366416931152,999,3.29354388992506e-05,,,
9.35823917388916,999,3.264137841351185e-05,,,
9.359344482421875,999,3.234847620998858e-05,,,
9.358902931213379,999,3.205673517950728e-05,,,
9.359400749206543,999,3.176615820143408e-05,,,
9.358449935913086,999,3.147674814364651e-05,,,
9.359065055847168,999,3.118850786250502e-05,,,
9.359273910522461,999,3.090144020282476e-05,,,
9.359240531921387,999,3.061554799784769e-05,,,
9.359319686889648,999,3.0330834069214437e-05,,,
9.358180046081543,999,3.004730122693653e-05,,,
9.359437942504883,999,2.9764952269368555e-05,,,
9.359127044677734,999,2.9483789983180924e-05,,,
9.35913372039795,999,2.920381714333178e-05,,,
9.35953140258789,999,2.892503651304005e-05,,,
9.359496116638184,999,2.8647450843757962e-05,,,
9.359119415283203,999,2.8371062875144066e-05,,,
9.359580993652344,999,2.809587533503597e-05,,,
9.358827590942383,999,2.7821890939423637e-05,,,
9.35918140411377,999,2.754911239242247e-05,,,
9.359570503234863,999,2.7277542386246566e-05,,,
9.35912799835205,999,2.7007183601182235e-05,,,
9.359628677368164,999,2.6738038705561536e-05,,,
9.359482765197754,999,2.6470110355735938e-05,,,
9.358835220336914,999,2.620340119605012e-05,,,
9.358914375305176,999,2.59379138588158e-05,,,
9.359724998474121,999,2.567365096428577e-05,,,
9.359431266784668,999,2.5410615120628172e-05,,,
9.359031677246094,999,2.5148808923900568e-05,,,
9.359522819519043,999,2.488823495802435e-05,,,
9.359464645385742,999,2.4628895794759512e-05,,,
9.359371185302734,999,2.4370793993678804e-05,,,
9.358813285827637,999,2.411393210214282e-05,,,
9.359557151794434,999,2.3858312655274698e-05,,,
9.35914134979248,999,2.3603938175935245e-05,,,
9.358978271484375,999,2.335081117469779e-05,,,
9.359189987182617,999,2.3098934149823736e-05,,,
9.359024047851562,999,2.2848309587237562e-05,,,
9.359508514404297,999,2.2598939960502577e-05,,,
9.359365463256836,999,2.2350827730796286e-05,,,
9.359539031982422,999,2.2103975346886218e-05,,,
9.358297348022461,999,2.1858385245105754e-05,,,
9.357308387756348,999,2.1614059849330095e-05,,,
9.359044075012207,999,2.137100157095223e-05,,,
9.358027458190918,999,2.1129212808859175e-05,,,
9.359045028686523,999,2.0888695949408512e-05,,,
9.358476638793945,999,2.064945336640448e-05,,,
9.358634948730469,999,2.041148742107472e-05,,,
9.358516693115234,999,2.017480046204719e-05,,,
9.35861587524414,999,1.9939394825326537e-05,,,
9.35903263092041,999,1.970527283427138e-05,,,
9.3585786819458,999,1.947243679957119e-05,,,
9.358181953430176,999,1.9240889019223725e-05,,,
9.358556747436523,999,1.901063177851202e-05,,,
9.357610702514648,999,1.8781667349982135e-05,,,
9.357771873474121,999,1.8553997993420502e-05,,,
9.358449935913086,999,1.83276259558318e-05,,,
9.357922554016113,999,1.8102553471416624e-05,,,
9.358116149902344,999,1.78787827615495e-05,,,
9.354964256286621,999,1.765631603475703e-05,,,
9.358490943908691,999,1.743515548669602e-05,,,
9.358348846435547,999,1.721530330013177e-05,,,
9.358695030212402,999,1.6996761644916557e-05,,,
9.358055114746094,999,1.6779532677968364e-05,,,
9.358616828918457,999,1.6563618543249366e-05,,,
9.358762741088867,999,1.6349021371744864e-05,,,
9.359188079833984,998,1.613574328144233e-05,,,
9.35880184173584,999,1.5923786377310464e-05,,,
9.358661651611328,999,1.5713152751278294e-05,,,
9.358956336975098,999,1.5503844482214647e-05,,,
9.357104301452637,999,1.5295863635907697e-05,,,
9.359040260314941,999,1.5089212265044367e-05,,,
9.359256744384766,999,1.488389240919032e-05,,,
9.359336853027344,999,1.4679906094769603e-05,,,
9.359156608581543,999,1.4477255335044805e-05,,,
9.35922622680664,999,1.4275942130097127e-05,,,
9.359148979187012,999,1.4075968466806577e-05,,,
9.359456062316895,999,1.3877336318832478e-05,,,
9.359045028686523,999,1.3680047646594006e-05,,,
9.359204292297363,999,1.3484104397250678e-05,,,
9.359101295471191,999,1.3289508504683232e-05,,,
9.359567642211914,999,1.3096261889474612e-05,,,
9.35843563079834,999,1.2904366458890862e-05,,,
9.359240531921387,999,1.2713824106862394e-05,,,
9.359086036682129,999,1.252463671396532e-05,,,
9.358977317810059,999,1.233680614740285e-05,,,
9.359124183654785,999,1.2150334260986837e-05,,,
9.359540939331055,999,1.1965222895119496e-05,,,
9.359365463256836,999,1.1781473876775264e-05,,,
9.359209060668945,999,1.1599089019482786e-05,,,
9.359236717224121,999,1.1418070123307009e-05,,,
9.358784675598145,999,1.1238418974831296e-05,,,
9.359508514404297,999,1.1060137347140028e-05,,,
9.358908653259277,999,1.088322699980083e-05,,,
9.358558654785156,999,1.0707689678847451e-05,,,
9.359199523925781,999,1.05335271167623e-05,,,
9.359420776367188,999,1.0360741032459654e-05,,,
9.359058380126953,999,1.0189333131268375e-05,,,
9.359292030334473,999,1.0019305104915255e-05,,,
9.359068870544434,999,9.850658631508215e-06,,,
9.3577241897583,999,9.683395375519927e-06,,,
9.358770370483398,999,9.517516987771173e-06,,,
9.358646392822266,999,9.353025105414651e-06,,,
9.357205390930176,999,9.189921351918905e-06,,,
9.357564926147461,999,9.028207337052067e-06,,,
9.358277320861816,999,8.867884656866214e-06,,,
9.357763290405273,999,8.708954893681435e-06,,,
9.358492851257324,999,8.551419616070337e-06,,,
9.358288764953613,999,8.395280378842566e-06,,,
9.358366012573242,999,8.24053872302931e-06,,,
9.358738899230957,999,8.087196175868221e-06,,,
9.358543395996094,999,7.935254250788381e-06,,,
9.359345436096191,999,7.784714447395229e-06,,,
9.35916805267334,999,7.635578251455808e-06,,,
9.359264373779297,999,7.487847134884243e-06,,,
9.35921859741211,999,7.3415225557269835e-06,,,
9.359017372131348,999,7.196605958148535e-06,,,
9.358986854553223,999,7.053098772417201e-06,,,
9.35833740234375,999,6.911002414890995e-06,,,
9.358409881591797,999,6.77031828800357e-06,,,
9.358839988708496,999,6.631047780250494e-06,,,
9.359292984008789,999,6.4931922661754295e-06,,,
9.35909366607666,999,6.356753106356678e-06,,,
9.359617233276367,999,6.221731647393636e-06,,,
9.35950756072998,999,6.088129221893596e-06,,,
9.358942031860352,999,5.955947148458552e-06,,,
9.359375,999,5.825186731672227e-06,,,
9.359575271606445,999,5.695849262087138e-06,,,
9.356372833251953,999,5.567936016211866e-06,,,
9.358474731445312,999,5.441448256498553e-06,,,
9.359294891357422,999,5.3163872313303145e-06,,,
9.359264373779297,999,5.192754175008927e-06,,,
9.358701705932617,999,5.070550307742792e-06,,,
9.359611511230469,999,4.949776835634759e-06,,,
9.359307289123535,999,4.830434950670207e-06,,,
9.359668731689453,999,4.7125258307053464e-06,,,
9.35944938659668,998,4.59605063945562e-06,,,
9.359756469726562,999,4.481010526484138e-06,,,
9.359355926513672,999,4.367406627190358e-06,,,
9.359626770019531,999,4.255240062798911e-06,,,
9.35966968536377,999,4.144511940348523e-06,,,
9.358819007873535,999,4.035223352681029e-06,,,
9.359354019165039,999,3.927375378430693e-06,,,
9.359389305114746,999,3.820969082013421e-06,,,
9.359726905822754,999,3.7160055136165003e-06,,,
9.359114646911621,999,3.6124857091879078e-06,,,
9.359652519226074,999,3.5104106904263192e-06,,,
9.359638214111328,999,3.409781464770984e-06,,,
9.359197616577148,999,3.3105990253917475e-06,,,
9.359623908996582,999,3.2128643511791955e-06,,,
9.359779357910156,999,3.1165784067351265e-06,,,
9.359396934509277,999,3.021742142362976e-06,,,
9.359146118164062,999,2.928356494058359e-06,,,
9.359299659729004,999,2.8364223834999087e-06,,,
9.35979175567627,999,2.745940718040185e-06,,,
9.3568754196167,999,2.656912390696697e-06,,,
9.359227180480957,998,2.569338280143129e-06,,,
9.359613418579102,999,2.483219250700546e-06,,,
9.359728813171387,999,2.3985561523290502e-06,,,
9.359710693359375,999,2.3153498206192048e-06,,,
9.359764099121094,999,2.233601076783924e-06,,,
9.359492301940918,999,2.1533107276502967e-06,,,
9.359427452087402,999,2.074479565651675e-06,,,
9.359469413757324,999,1.997108368819798e-06,,,
9.35965633392334,999,1.921197900777131e-06,,,
9.35925006866455,999,1.8467489107293547e-06,,,
9.359233856201172,999,1.773762133457938e-06,,,
9.359745025634766,999,1.7022382893129106e-06,,,
9.359414100646973,999,1.6321780842057351e-06,,,
9.359395980834961,999,1.563582209602363e-06,,,
9.359753608703613,999,1.4964513425163723e-06,,,
9.358423233032227,999,1.4307861455023246e-06,,,
9.358356475830078,999,1.3665872666492022e-06,,,
9.359641075134277,999,1.3038553395740141e-06,,,
9.359373092651367,999,1.2425909834155838e-06,,,
9.359686851501465,999,1.1827948028283376e-06,,,
9.358924865722656,999,1.1244673879764432e-06,,,
9.3595552444458,999,1.067609314527964e-06,,,
9.359650611877441,999,1.0122211436490966e-06,,,
9.357067108154297,999,9.583034219987425e-07,,,
9.359389305114746,999,9.058566817230457e-07,,,
9.35938835144043,999,8.54881440450163e-07,,,
9.35962963104248,999,8.053782012851521e-07,,,
9.359475135803223,999,7.573474528049752e-07,,,
9.359650611877441,999,7.10789669053753e-07,,,
9.359363555908203,999,6.657053095380016e-07,,,
9.359501838684082,998,6.22094819222153e-07,,,
9.359734535217285,999,5.799586285241253e-07,,,
9.359745025634766,999,5.392971533111422e-07,,,
9.359709739685059,999,5.001107948955206e-07,,,
9.359182357788086,999,4.623999400308062e-07,,,
9.359586715698242,999,4.2616496090791063e-07,,,
9.359604835510254,999,3.91406215151447e-07,,,
9.3596773147583,999,3.5812404581621666e-07,,,
9.359586715698242,999,3.2631878138377813e-07,,,
9.359537124633789,999,2.959907357592667e-07,,,
9.359687805175781,999,2.6714020826823e-07,,,
9.35968017578125,999,2.3976748365374713e-07,,,
9.359395027160645,999,2.13872832073531e-07,,,
9.359478950500488,999,1.8945650909738025e-07,,,
9.359355926513672,999,1.665187557045148e-07,,,
9.359664916992188,999,1.450597982812943e-07,,,
9.35975456237793,999,1.2507984861898662e-07,,,
9.359758377075195,999,1.0657910391161952e-07,,,
9.359381675720215,999,8.955774675406555e-08,,,
9.359322547912598,999,7.401594514026015e-08,,,
9.359524726867676,999,5.995385246151964e-08,,,
9.359787940979004,999,4.7371607505009116e-08,,,
9.35979175567627,999,3.6269334452393514e-08,,,
9.359598159790039,999,2.6647142878655267e-08,,,
9.359320640563965,999,1.8505127750911877e-08,,,
9.35948371887207,999,1.184336942758326e-08,,,
9.359705924987793,999,6.661933657525776e-09,,,
9.359766006469727,999,2.960871579432705e-09,,,
9.35940933227539,999,7.402197212680329e-10,,,
